name,city,state,tuition_in_state_usd,tuition_out_of_state_usd,avg_net_price_usd,selectivity_label,acceptance_rate_percent,accepted_per_year,applicants_total,student_body_size
Alabama A & M University,Normal,AL,10024,18634,14559,Somewhat selective,66.22,,,5726
University of Alabama at Birmingham,Birmingham,AL,8832,21864,17727,Less selective,88.42,,,12118
Amridge University,Montgomery,AL,,,,Unknown,,,,226
University of Alabama in Huntsville,Huntsville,AL,11770,24662,19880,Somewhat selective,74.25,,,6650
Alabama State University,Montgomery,AL,11248,19576,13889,Less selective,95.64,,,3322
The University of Alabama,Tuscaloosa,AL,11900,33200,22150,Less selective,75.82,,,32323
Central Alabama Community College,Alexander City,AL,5040,8850,14346,Unknown,,,,1134
Athens State University,Athens,AL,,,,Unknown,,,,2407
Auburn University at Montgomery,Montgomery,AL,9436,20092,14596,Less selective,92.63,,,2693
Auburn University,Auburn,AL,12536,33944,23897,Somewhat selective,50.47,,,25732
Birmingham-Southern College,Birmingham,AL,22750,22750,23351,Somewhat selective,51.94,,,713
Chattahoochee Valley Community College,Phenix City,AL,5040,8850,5814,Unknown,,,,1044
Enterprise State Community College,Enterprise,AL,5040,8850,8187,Unknown,,,,1476
Coastal Alabama Community College,Bay Minette,AL,4980,8790,9514,Unknown,,,,4714
Faulkner University,Montgomery,AL,23920,23920,21165,Somewhat selective,66.13,,,1555
Gadsden State Community College,Gadsden,AL,4032,7080,3568,Unknown,,,,3619
George C Wallace Community College-Dothan,Dothan,AL,4920,8730,2697,Unknown,,,,3053
George C Wallace State Community College-Hanceville,Hanceville,AL,4980,8790,14042,Unknown,,,,4413
George C Wallace State Community College-Selma,Selma,AL,4680,8490,970,Unknown,,,,828
Huntingdon College,Montgomery,AL,28650,28650,21401,Somewhat selective,70.83,,,865
J. F. Drake State Community and Technical College,Huntsville,AL,5130,8940,4644,Unknown,,,,719
J F Ingram State Technical College,Deatsville,AL,6084,6084,,Unknown,,,,826
Jacksonville State University,Jacksonville,AL,12426,22716,14850,Less selective,76.22,,,7030
Jefferson State Community College,Birmingham,AL,5040,8850,9024,Unknown,,,,5443
John C Calhoun State Community College,Tanner,AL,5060,8870,7336,Unknown,,,,6928
Lawson State Community College,Birmingham,AL,4980,8790,6564,Unknown,,,,2720
University of West Alabama,Livingston,AL,10990,20090,13832,Less selective,87.11,,,2666
Lurleen B Wallace Community College,Andalusia,AL,4980,8790,3041,Unknown,,,,1122
Marion Military Institute,Marion,AL,9538,15538,10137,Somewhat selective,59.17,,,308
Miles College,Fairfield,AL,12714,12714,14514,Unknown,,,,1151
University of Mobile,Mobile,AL,26120,26120,19603,Somewhat selective,72.51,,,1079
University of Montevallo,Montevallo,AL,13710,26730,17053,Somewhat selective,53.9,,,2087
Northwest Shoals Community College,Muscle Shoals,AL,5071,8881,4545,Unknown,,,,1924
University of North Alabama,Florence,AL,11990,22190,11024,Less selective,96.48,,,5468
Northeast Alabama Community College,Rainsville,AL,4980,8790,1612,Unknown,,,,1547
Oakwood University,Huntsville,AL,21838,21838,23384,Somewhat selective,50.51,,,1253
Reid State Technical College,Evergreen,AL,6100,10700,131,Unknown,,,,365
Bishop State Community College,Mobile,AL,5280,9090,4176,Unknown,,,,2100
Samford University,Birmingham,AL,38144,38144,30795,Less selective,82.23,,,3828
Shelton State Community College,Tuscaloosa,AL,5067,8877,10880,Unknown,,,,3191
Snead State Community College,Boaz,AL,5472,9536,6369,Unknown,,,,1494
University of South Alabama,Mobile,AL,9676,18652,15142,Somewhat selective,65.49,,,8540
Spring Hill College,Mobile,AL,23270,23270,19514,Somewhat selective,59.1,,,850
Stillman College,Tuscaloosa,AL,11392,11392,12272,Somewhat selective,74.22,,,761
Talladega College,Talladega,AL,15650,15650,13461,Less selective,99.25,,,782
H Councill Trenholm State Community College,Montgomery,AL,4890,8700,5568,Unknown,,,,1584
Troy University,Troy,AL,9792,19584,13869,Less selective,92.61,,,10089
Tuskegee University,Tuskegee,AL,23440,23440,32977,Selective,31.43,,,2367
United States Sports Academy,Daphne,AL,18900,18900,,Selective,35.29,,,136
Bevill State Community College,Jasper,AL,4678,8234,5249,Unknown,,,,2189
University of Alaska Anchorage,Anchorage,AK,7566,21693,13780,Somewhat selective,66.52,,,6916
University of Alaska Fairbanks,Fairbanks,AK,8640,22752,9634,Unknown,,,,4027
University of Alaska Southeast,Juneau,AK,6960,21096,7233,Somewhat selective,62.5,,,920
Alaska Pacific University,Anchorage,AK,20760,20760,18976,Less selective,86.21,,,400
Alaska Vocational Technical Center,Seward,AK,,,12071,Unknown,,,,452
Charter College,Anchorage,AK,18678,18678,25225,Unknown,,,,2277
Alaska Career College,Anchorage,AK,,,18091,Unknown,,,,255
Carrington College-Phoenix North,Phoenix,AZ,,,,Unknown,,,,1087
Brookline College-Phoenix,Phoenix,AZ,,,,Unknown,,,,714
Arizona State University Campus Immersion,Tempe,AZ,12051,32193,13670,Less selective,90.19,,,64398
Arizona Western College,Yuma,AZ,3020,9830,9582,Unknown,,,,6198
University of Arizona,Tucson,AZ,13626,41095,15960,Less selective,85.66,,,40769
Central Arizona College,Coolidge,AZ,2250,4500,4591,Unknown,,,,4892
Cochise County Community College District,Sierra Vista,AZ,2232,6000,7420,Unknown,,,,3007
Avalon Institute-Mesa,Mesa,AZ,,,16847,Unknown,,,,388
Eastern Arizona College,Thatcher,AZ,2352,9552,9765,Unknown,,,,3058
Glendale Community College,Glendale,AZ,2358,8958,12158,Unknown,,,,10180
Grand Canyon University,Phoenix,AZ,17450,17450,21931,Somewhat selective,60.36,,,68619
GateWay Community College,Phoenix,AZ,2358,8958,12871,Unknown,,,,3473
Mesa Community College,Mesa,AZ,2358,8958,13438,Unknown,,,,12049
Mohave Community College,Kingman,AZ,2136,7248,6806,Unknown,,,,2750
Universal Technical Institute of Arizona Inc-Motorcycle Mechanics Institute Division,Avondale,AZ,,,21925,Unknown,,,,567
Dine College,Tsaile,AZ,1410,1410,10218,Unknown,,,,1507
Northern Arizona University,Flagstaff,AZ,12652,28900,14922,Less selective,90.95,,,23041
Northland Pioneer College,Holbrook,AZ,2428,9851,9251,Unknown,,,,1024
Phoenix College,Phoenix,AZ,2358,8958,11728,Unknown,,,,6952
Pima Community College,Tucson,AZ,2370,7686,3123,Unknown,,,,13869
Pima Medical Institute-Tucson,Tucson,AZ,,,,Unknown,,,,2619
Pima Medical Institute-Albuquerque,Albuquerque,NM,,,20348,Unknown,,,,737
Prescott College,Prescott,AZ,35685,35685,20906,Less selective,98.57,,,253
Refrigeration School Inc,Phoenix,AZ,,,25300,Unknown,,,,1271
Rio Salado College,Tempe,AZ,2358,8958,8764,Unknown,,,,4879
Scottsdale Community College,Scottsdale,AZ,2358,8958,14380,Unknown,,,,4274
South Mountain Community College,Phoenix,AZ,2358,8958,11942,Unknown,,,,2612
Arizona Christian University,Glendale,AZ,34697,34697,32383,Somewhat selective,74.42,,,1127
Universal Technical Institute of Arizona Inc,Avondale,AZ,,,27139,Unknown,,,,1791
Yavapai College,Prescott,AZ,2838,9344,6355,Unknown,,,,3732
University of Arkansas at Little Rock,Little Rock,AR,8455,19210,16136,Somewhat selective,57.74,,,4740
University of Arkansas for Medical Sciences,Little Rock,AR,,,,Unknown,,,,1361
Arkansas Baptist College,Little Rock,AR,8760,8760,11139,Unknown,,,,373
Arkansas Beauty School-Little Rock,Little Rock,AR,,,24060,Unknown,,,,111
Lyon College,Batesville,AR,31000,31000,22670,Somewhat selective,65.54,,,563
Arkansas Technical School,North Little Rock,AR,,,35353,Unknown,,,,111
University of Arkansas,Fayetteville,AR,9748,28772,17525,Somewhat selective,71.67,,,27312
University of Arkansas at Pine Bluff,Pine Bluff,AR,9019,17029,11679,Somewhat selective,57.54,,,1899
Arkansas State University-Beebe,Beebe,AR,3216,5040,8652,Unknown,,,,1902
Arkansas State University,Jonesboro,AR,7754,13826,13085,Somewhat selective,69.67,,,7994
Arkansas Tech University,Russellville,AR,8508,14502,12171,Less selective,96.29,,,5993
University of Arkansas at Monticello,Monticello,AR,8868,14718,14013,Unknown,,,,1868
Baptist Health College Little Rock,Little Rock,AR,13593,13593,34755,Less selective,100.0,,,512
Black River Technical College,Pocahontas,AR,4584,7242,6053,Unknown,,,,938
University of Central Arkansas,Conway,AR,10118,17258,16775,Less selective,90.47,,,7426
Central Baptist College,Conway,AR,19680,19680,16664,Selective,46.36,,,477
Cossatot Community College of the University of Arkansas,De Queen,AR,3906,4746,5200,Unknown,,,,835
Crowley's Ridge College,Paragould,AR,16440,16440,17236,Unknown,,,,162
East Arkansas Community College,Forrest City,AR,3960,4980,6769,Unknown,,,,492
Paul Mitchell the School-Little Rock,North Little Rock,AR,,,14508,Unknown,,,,411
National Park College,Hot Springs,AR,5600,7280,11442,Unknown,,,,1706
University of Arkansas Community College-Batesville,Batesville,AR,3558,4542,9359,Unknown,,,,788
Harding University,Searcy,AR,24888,24888,20579,Less selective,100.0,,,3323
Henderson State University,Arkadelphia,AR,7885,9882,16929,Less selective,81.92,,,1491
Hendrix College,Conway,AR,36650,36650,23409,Somewhat selective,52.98,,,1094
John Brown University,Siloam Springs,AR,30832,30832,21144,Somewhat selective,67.64,,,1415
Career Academy of Hair Design,Springdale,AR,,,13563,Unknown,,,,244
Arkansas State University Mid-South,West Memphis,AR,3048,4560,3558,Unknown,,,,435
Arkansas Northeastern College,Blytheville,AR,2570,4250,5144,Unknown,,,,787
North Arkansas College,Harrison,AR,3168,5544,10146,Unknown,,,,1184
Northwest Technical Institute,Springdale,AR,5184,5184,11212,Unknown,,,,217
Ouachita Baptist University,Arkadelphia,AR,32480,32480,22355,Somewhat selective,68.52,,,1612
Arkansas State University Three Rivers,Malvern,AR,3568,4168,7520,Unknown,,,,514
Ozarka College,Melbourne,AR,3820,6820,4396,Unknown,,,,564
University of the Ozarks,Clarksville,AR,25950,25950,13630,Somewhat selective,58.14,,,753
University of Arkansas Community College-Morrilton,Morrilton,AR,3504,4176,11718,Less selective,100.0,,,1538
Philander Smith University,Little Rock,AR,13014,13014,15360,Unknown,,,,842
Phillips Community College of the University of Arkansas,Helena,AR,3230,5270,5420,Unknown,,,,595
Southeast Arkansas College,Pine Bluff,AR,4960,8260,11185,Unknown,,,,748
University of Arkansas-Pulaski Technical College,North Little Rock,AR,4848,7248,15000,Unknown,,,,3791
University of Arkansas Hope-Texarkana,Hope,AR,3400,4960,8210,Unknown,,,,697
University of Arkansas Community College Rich Mountain,Mena,AR,3528,4104,4914,Unknown,,,,475
Paul Mitchell the School-Arkansas,Fayetteville,AR,,,15309,Unknown,,,,107
Shorter College,N Little Rock,AR,6246,6246,12993,Unknown,,,,290
Williams Baptist University,Walnut Ridge,AR,20330,20330,15875,Somewhat selective,58.88,,,490
South Arkansas College,El Dorado,AR,3204,5364,6235,Unknown,,,,879
Southern Arkansas University Main Campus,Magnolia,AR,9820,15400,15944,Somewhat selective,66.59,,,2865
Southern Arkansas University Tech,Camden,AR,4685,4685,5895,Unknown,,,,663
University of Arkansas-Fort Smith,Fort Smith,AR,6906,13770,10097,Less selective,81.47,,,4133
Academy of Art University,San Francisco,CA,28024,28024,39778,Unknown,,,,4131
College of Alameda,Alameda,CA,1148,8684,9280,Unknown,,,,4274
Allan Hancock College,Santa Maria,CA,1156,9436,4638,Unknown,,,,7812
American Beauty College,West Covina,CA,,,24076,Unknown,,,,250
American Career College-Los Angeles,Los Angeles,CA,,,27508,Unknown,,,,2066
American River College,Sacramento,CA,1288,12808,4628,Unknown,,,,25758
Antelope Valley Community College District,Lancaster,CA,1124,8228,8263,Unknown,,,,10905
Art Center College of Design,Pasadena,CA,51640,51640,50209,Somewhat selective,74.98,,,2054
Associated Technical College-Los Angeles,Los Angeles,CA,,,22236,Unknown,,,,159
Azusa Pacific University,Azusa,CA,43600,43600,19798,Less selective,79.48,,,2977
Bakersfield College,Bakersfield,CA,1430,10310,4751,Unknown,,,,16451
Barstow Community College,Barstow,CA,1104,9936,12347,Unknown,,,,2585
Bellus Academy-Chula Vista,Chula Vista,CA,,,20159,Unknown,,,,379
Bethesda University,Anaheim,CA,7220,7220,8388,Unknown,,,,212
Biola University,La Mirada,CA,46704,46704,28101,Somewhat selective,60.08,,,3390
Brownson Technical School,Anaheim,CA,,,32584,Unknown,,,,284
Bryan University,Tempe,AZ,12185,12185,20948,Unknown,,,,2083
Butte College,Oroville,CA,1336,8416,4632,Unknown,,,,8384
Cabrillo College,Aptos,CA,1270,9910,13328,Unknown,,,,7404
California Baptist University,Riverside,CA,39720,39720,27384,Somewhat selective,73.57,,,7914
California College of the Arts,San Francisco,CA,57946,57946,42168,Somewhat selective,73.4,,,1004
California Institute of Technology,Pasadena,CA,63255,63255,18902,Extremely selective,3.14,,,1023
California Lutheran University,Thousand Oaks,CA,50670,50670,26433,Less selective,88.88,,,2374
California Polytechnic State University-San Luis Obispo,San Luis Obispo,CA,11075,30995,15624,Selective,29.75,,,21521
Alliant International University-San Diego,San Diego,CA,13918,13918,,Extremely selective,0.0,,,355
California State University-Bakersfield,Bakersfield,CA,7696,19576,5825,Less selective,88.19,,,8183
California State University-Stanislaus,Turlock,CA,7826,19706,5671,Less selective,97.47,,,8564
California State University-San Bernardino,San Bernardino,CA,7675,19555,5918,Less selective,98.25,,,15771
California State Polytechnic University-Pomona,Pomona,CA,7439,19319,11580,Somewhat selective,73.7,,,24271
California State University-Chico,Chico,CA,8064,19944,14838,Less selective,93.72,,,13057
California State University-Dominguez Hills,Carson,CA,7064,18944,3659,Less selective,91.32,,,12642
California State University-Fresno,Fresno,CA,6980,18860,6480,Less selective,96.38,,,21070
California State University-Fullerton,Fullerton,CA,7073,18953,5646,Less selective,86.74,,,36956
California State University-East Bay,Hayward,CA,7055,18935,11276,Less selective,96.81,,,10422
California State University-Long Beach,Long Beach,CA,7008,18888,8931,Selective,47.12,,,34131
California State University-Los Angeles,Los Angeles,CA,6813,18698,4113,Less selective,91.93,,,21478
California State University-Northridge,Northridge,CA,7095,18975,7599,Less selective,93.15,,,32357
California State University-Sacramento,Sacramento,CA,7602,19482,10512,Less selective,93.62,,,27867
University of California-Berkeley,Berkeley,CA,14850,45627,14979,Very selective,11.66,,,33073
University of California-Davis,Davis,CA,15247,46024,15288,Selective,41.63,,,31777
University of California-Irvine,Irvine,CA,14237,45014,12840,Selective,25.57,,,29494
University of California-Los Angeles,Los Angeles,CA,13747,44524,14013,Extremely selective,8.73,,,33040
University of California-Riverside,Riverside,CA,14170,44947,13707,Somewhat selective,63.3,,,22644
University of California-San Diego,La Jolla,CA,15265,46042,11750,Very selective,24.52,,,33787
University of California-Santa Barbara,Santa Barbara,CA,14965,45742,13825,Selective,27.78,,,23205
University of California-Santa Cruz,Santa Cruz,CA,14560,45337,16607,Somewhat selective,62.54,,,17812
California Hair Design Academy,La Mesa,CA,,,40350,Unknown,,,,125
California Institute of the Arts,Valencia,CA,56724,56724,47183,Selective,25.95,,,881
California State University Maritime Academy,Vallejo,CA,7672,19552,17555,Less selective,98.73,,,761
Canada College,Redwood City,CA,1332,9508,10,Unknown,,,,4878
College of the Canyons,Santa Clarita,CA,1176,11232,2114,Unknown,,,,15365
Career Academy of Beauty,Garden Grove,CA,,,19101,Unknown,,,,207
Casa Loma College-Los Angeles,Sherman Oaks,CA,,,27721,Selective,36.41,,,581
CET-San Jose,San Jose,CA,,,15045,Unknown,,,,175
Cerritos College,Norwalk,CA,1364,12004,693,Unknown,,,,18710
Cerro Coso Community College,Ridgecrest,CA,1384,10264,6078,Unknown,,,,3496
Chabot College,Hayward,CA,1150,8686,4616,Unknown,,,,10861
Chaffey College,Rancho Cucamonga,CA,1184,11120,5743,Unknown,,,,13568
Chapman University,Orange,CA,62784,62784,47527,Somewhat selective,55.61,,,7629
Charles R Drew University of Medicine and Science,Los Angeles,CA,18933,18933,27789,Selective,38.78,,,233
Concordia University-Irvine,Irvine,CA,41390,41390,28046,Somewhat selective,59.86,,,1456
Citrus College,Glendora,CA,1204,9844,3800,Unknown,,,,8126
Citrus Heights Beauty College,Citrus Heights,CA,,,30408,Unknown,,,,110
City College of San Francisco,San Francisco,CA,1696,14656,7272,Unknown,,,,16060
Claremont McKenna College,Claremont,CA,64150,64150,27384,Very selective,11.12,,,1379
Milan Institute-Visalia,Visalia,CA,,,28638,Unknown,,,,632
Clovis Adult Education,Clovis,CA,,,,Unknown,,,,268
Coastline Community College,Fountain Valley,CA,1180,9964,9605,Unknown,,,,7007
University of Silicon Valley,San Jose,CA,22480,22480,30799,Somewhat selective,51.31,,,377
Coba Academy,Anaheim,CA,,,16761,Unknown,,,,100
Columbia College,Sonora,CA,1547,8870,15468,Unknown,,,,1917
California College of ASU,Los Angeles,CA,26175,26175,30320,Unknown,,,,149
Compton College,Compton,CA,1142,8822,11103,Unknown,,,,2881
Contra Costa College,San Pablo,CA,1312,9012,6522,Unknown,,,,4805
Cosumnes River College,Sacramento,CA,1288,12808,4648,Unknown,,,,13527
Crafton Hills College,Yucaipa,CA,1188,12320,10655,Unknown,,,,5074
Cuesta College,San Luis Obispo,CA,1340,11000,12898,Unknown,,,,6879
Cuyamaca College,El Cajon,CA,1340,10636,6187,Unknown,,,,6788
Cypress College,Cypress,CA,1150,9399,4683,Unknown,,,,12309
De Anza College,Cupertino,CA,1562,12317,4667,Unknown,,,,14953
International School of Beauty Inc,Palm Desert,CA,,,13450,Unknown,,,,173
College of the Desert,Palm Desert,CA,1326,9586,11812,Unknown,,,,8900
Diablo Valley College,Pleasant Hill,CA,1312,9012,6142,Unknown,,,,14734
Dominican University of California,San Rafael,CA,50666,50666,50218,Less selective,95.62,,,1178
East Los Angeles College,Monterey Park,CA,1238,10130,9791,Unknown,,,,24401
El Camino Community College District,Torrance,CA,1144,7144,5170,Unknown,,,,18994
Evergreen Valley College,San Jose,CA,1366,8718,12591,Unknown,,,,7670
FIDM-Fashion Institute of Design & Merchandising,Los Angeles,CA,34325,34325,41493,Selective,41.5,,,1319
Feather River Community College District,Quincy,CA,1465,9925,6520,Unknown,,,,1574
Federico Beauty Institute,Sacramento,CA,,,25736,Unknown,,,,245
Foothill College,Los Altos Hills,CA,1565,12320,7549,Unknown,,,,10922
Fresno City College,Fresno,CA,1334,9454,1699,Unknown,,,,18774
Fresno Pacific University,Fresno,CA,35558,35558,14317,Somewhat selective,57.52,,,1614
Fullerton College,Fullerton,CA,1150,9399,8090,Unknown,,,,16637
Gavilan College,Gilroy,CA,1506,12246,2244,Unknown,,,,4410
Gemological Institute of America-Carlsbad,Carlsbad,CA,,,31435,Unknown,,,,308
Glendale Community College,Glendale,CA,1181,8381,7461,Unknown,,,,9807
Glendale Career College,Glendale,CA,,,46212,Unknown,,,,854
Golden Gate University,San Francisco,CA,31243,31243,,Unknown,,,,550
Golden West College,Huntington Beach,CA,1196,11084,2861,Unknown,,,,8919
Grossmont College,El Cajon,CA,1332,10628,2755,Unknown,,,,11467
Salon Success Academy-Riverside,Riverside,CA,,,13095,Unknown,,,,173
Hartnell College,Salinas,CA,1404,8994,2895,Unknown,,,,7153
Harvey Mudd College,Claremont,CA,66255,66255,32492,Very selective,13.06,,,915
California State Polytechnic University-Humboldt,Arcata,CA,7913,19793,13167,Less selective,98.83,,,5491
Humphreys University-Stockton and Modesto Campuses,Stockton,CA,14760,14760,11410,Unknown,,,,178
Imperial Valley College,Imperial,CA,1126,7990,1697,Unknown,,,,6881
Institute for Business and Technology,Santa Clara,CA,,,25471,Unknown,,,,609
Interior Designers Institute,Newport Beach,CA,20250,20250,,Unknown,,,,107
Irvine Valley College,Irvine,CA,1156,10996,1886,Unknown,,,,9577
Bellus Academy-El Cajon,El Cajon,CA,,,29547,Unknown,,,,205
Reedley College,Reedley,CA,1334,9454,1584,Unknown,,,,4853
Life Pacific University,San Dimas,CA,20462,20462,22343,Less selective,93.95,,,393
University of La Verne,La Verne,CA,47000,47000,26925,Selective,48.48,,,3341
Laguna College of Art and Design,Laguna Beach,CA,35650,35650,42354,Less selective,77.61,,,776
Lake Tahoe Community College,South Lake Tahoe,CA,1131,11067,10975,Unknown,,,,2909
Lancaster Beauty School,Lancaster,CA,,,21235,Unknown,,,,131
Laney College,Oakland,CA,1148,8684,15805,Unknown,,,,7158
Lassen Community College,Susanville,CA,1144,8224,7677,Unknown,,,,1564
Lincoln University,Oakland,CA,11420,11420,,Unknown,,,,223
La Sierra University,Riverside,CA,35910,35910,26217,Less selective,93.3,,,1155
Loma Linda University,Loma Linda,CA,,,,Unknown,,,,867
Long Beach City College,Long Beach,CA,1556,11440,5001,Unknown,,,,21899
Southern California University of Health Sciences,Whittier,CA,10769,10769,45633,Unknown,,,,132
Los Angeles Harbor College,Wilmington,CA,1238,10050,11245,Unknown,,,,6496
Los Angeles Pierce College,Woodland Hills,CA,1238,10130,11196,Unknown,,,,13029
Los Angeles Southwest College,Los Angeles,CA,1238,10130,6683,Unknown,,,,3793
Los Angeles Trade Technical College,Los Angeles,CA,1238,10130,10658,Unknown,,,,10165
Los Angeles Valley College,Valley Glen,CA,1238,10130,10200,Unknown,,,,12470
The Master's University and Seminary,Santa Clarita,CA,36930,36930,32121,Less selective,75.89,,,1606
Los Angeles City College,Los Angeles,CA,1238,10130,7532,Unknown,,,,10857
Los Angeles County College of Nursing and Allied Health,Los Angeles,CA,,,,Unknown,,,,220
Los Angeles Mission College,Sylmar,CA,1238,10130,11972,Unknown,,,,8031
Los Medanos College,Pittsburg,CA,1312,9012,5692,Unknown,,,,7100
Loyola Marymount University,Los Angeles,CA,58974,58974,45723,Selective,40.29,,,7171
Lu Ross Academy,Ventura,CA,,,15711,Unknown,,,,277
Lytles Redwood Empire Beauty College,Santa Rosa,CA,,,24603,Unknown,,,,114
MTI College,Sacramento,CA,,,20336,Less selective,81.93,,,1025
College of Marin,Kentfield,CA,1558,10828,15517,Unknown,,,,3928
Mendocino College,Ukiah,CA,1423,8893,7500,Unknown,,,,2857
Menlo College,Atherton,CA,51070,51070,27032,Somewhat selective,67.81,,,811
Merced College,Merced,CA,1194,8154,4260,Unknown,,,,9677
Merritt College,Oakland,CA,1167,8703,14742,Unknown,,,,5153
MiraCosta College,Oceanside,CA,1152,9120,7178,Unknown,,,,10474
Mission College,Santa Clara,CA,1438,12220,5198,Unknown,,,,5557
Modesto Junior College,Modesto,CA,1270,8870,10176,Unknown,,,,14714
Moler Barber College,Oakland,CA,,,22135,Unknown,,,,335
Monterey Peninsula College,Monterey,CA,1188,9924,13498,Unknown,,,,5759
Moorpark College,Moorpark,CA,1416,8179,742,Unknown,,,,12011
Mt San Antonio College,Walnut,CA,1364,10212,3107,Unknown,,,,25311
Mount Saint Mary's University,Los Angeles,CA,48132,48132,25009,Somewhat selective,68.72,,,1746
Mt San Jacinto Community College District,San Jacinto,CA,1406,11276,7098,Unknown,,,,14859
Musicians Institute,Hollywood,CA,28400,28400,37793,Somewhat selective,71.29,,,735
Napa Valley College,Napa,CA,1156,11908,14046,Unknown,,,,3205
National Holistic Institute,Emeryville,CA,,,29199,Unknown,,,,1134
National University,San Diego,CA,13320,13320,31058,Unknown,,,,9725
Newschool of Architecture and Design,San Diego,CA,30291,30291,48616,Less selective,100.0,,,212
North Adrian's College of Beauty Inc,Modesto,CA,,,20347,Unknown,,,,213
North-West College-Pomona,Pomona,CA,,,33256,Unknown,,,,315
North-West College-West Covina,West Covina,CA,,,28408,Unknown,,,,635
North-West College-Van Nuys,Van Nuys,CA,,,33464,Unknown,,,,225
Occidental College,Los Angeles,CA,63446,63446,39329,Selective,39.89,,,1844
Ohlone College,Fremont,CA,1202,8714,14130,Unknown,,,,6958
Orange Coast College,Costa Mesa,CA,1208,9992,4754,Unknown,,,,16117
Otis College of Art and Design,Los Angeles,CA,55513,55513,45864,Less selective,83.98,,,1242
Oxnard College,Oxnard,CA,1416,8179,659,Unknown,,,,6059
Hope International University,Fullerton,CA,36250,36250,27653,Selective,35.39,,,549
Concorde Career College-San Diego,San Diego,CA,,,24477,Less selective,93.95,,,178
Pacific Oaks College,Pasadena,CA,33360,33360,,Very selective,10.0,,,346
Pacific Union College,Angwin,CA,35214,35214,20979,Selective,42.48,,,910
University of the Pacific,Stockton,CA,55340,55340,25926,Less selective,94.86,,,3247
Palo Verde College,Blythe,CA,1288,12880,10543,Unknown,,,,2909
Palomar College,San Marcos,CA,1354,10650,5247,Unknown,,,,16167
Pasadena City College,Pasadena,CA,1180,10756,3123,Unknown,,,,20624
Pepperdine University,Malibu,CA,66742,66742,45409,Selective,49.85,,,3629
Pitzer College,Claremont,CA,62692,62692,31663,Very selective,16.66,,,1191
Point Loma Nazarene University,San Diego,CA,43550,43550,50168,Less selective,81.76,,,3132
Pomona College,Claremont,CA,62326,62326,19424,Extremely selective,6.76,,,1638
Porterville College,Porterville,CA,1409,10289,3728,Unknown,,,,2775
Santa Ana College,Santa Ana,CA,1180,9460,3854,Unknown,,,,22011
Shasta School of Cosmetology,Redding,CA,,,26582,Unknown,,,,101
University of Redlands,Redlands,CA,57614,57614,22867,Less selective,80.92,,,2095
College of the Redwoods,Eureka,CA,1147,7783,3214,Unknown,,,,3514
Salon Success Academy-Upland,Upland,CA,,,16626,Unknown,,,,238
Salon Success Academy-Corona,Corona,CA,,,12983,Unknown,,,,216
Rio Hondo College,Whittier,CA,1388,9884,11903,Unknown,,,,15365
Riverside City College,Riverside,CA,1420,11230,4026,Unknown,,,,17361
Sacramento City College,Sacramento,CA,1288,12808,3974,Unknown,,,,16952
Saddleback College,Mission Viejo,CA,1432,13732,2976,Unknown,,,,15959
Samuel Merritt University,Oakland,CA,,,,Unknown,,,,712
San Diego City College,San Diego,CA,1150,9094,-818,Unknown,,,,10584
San Diego Mesa College,San Diego,CA,1150,9094,-904,Unknown,,,,15899
San Diego Miramar College,San Diego,CA,1150,9094,-2735,Unknown,,,,10740
San Diego State University,San Diego,CA,8290,20170,16174,Selective,34.44,,,33654
University of San Diego,San Diego,CA,56444,56444,31265,Selective,46.75,,,5619
San Francisco Conservatory of Music,San Francisco,CA,54550,54550,42448,Somewhat selective,51.94,,,215
San Francisco State University,San Francisco,CA,7424,19304,12882,Less selective,96.15,,,20033
University of San Francisco,San Francisco,CA,58222,58222,39495,Somewhat selective,50.77,,,5697
San Joaquin Delta College,Stockton,CA,1288,9072,8508,Unknown,,,,13964
San Joaquin Valley College-Visalia,Visalia,CA,,,29092,Unknown,,,,2270
William Jessup University,Rocklin,CA,37150,37150,25300,Less selective,76.82,,,1021
San Jose City College,San Jose,CA,1366,9486,16658,Unknown,,,,7039
San Jose State University,San Jose,CA,7992,19872,13741,Less selective,80.23,,,26757
College of San Mateo,San Mateo,CA,1332,11384,1504,Unknown,,,,7359
Santa Barbara City College,Santa Barbara,CA,1234,10186,10029,Unknown,,,,10070
Santa Clara University,Santa Clara,CA,59241,59241,50959,Selective,43.84,,,6235
Santa Monica College,Santa Monica,CA,1156,9316,3600,Unknown,,,,21194
Santa Rosa Junior College,Santa Rosa,CA,1318,11308,5541,Unknown,,,,14327
Scripps College,Claremont,CA,63434,63434,38802,Selective,33.94,,,1077
College of the Sequoias,Visalia,CA,1394,8338,29,Unknown,,,,10752
Shasta College,Redding,CA,1197,8277,3743,Unknown,,,,5536
Sierra College,Rocklin,CA,1156,9988,4462,Unknown,,,,13455
Sierra College of Beauty,Merced,CA,,,11519,Unknown,,,,245
Simpson University,Redding,CA,38522,38522,27923,Less selective,99.03,,,751
College of the Siskiyous,Weed,CA,1444,9394,7241,Unknown,,,,1080
Skyline College,San Bruno,CA,1332,11384,-1180,Unknown,,,,7132
San Bernardino Valley College,San Bernardino,CA,1185,10017,8234,Unknown,,,,11106
Saint Mary's College of California,Moraga,CA,56134,56134,31198,Less selective,88.58,,,2024
Solano Community College,Fairfield,CA,1172,8900,3869,Unknown,,,,7688
Sonoma State University,Rohnert Park,CA,8190,20070,13801,Less selective,94.73,,,5374
South Coast College,Orange,CA,13409,13409,22480,Unknown,,,,241
Vanguard University of Southern California,Costa Mesa,CA,39950,39950,19761,Somewhat selective,64.7,,,1975
Concorde Career College-Garden Grove,Garden Grove,CA,,,22610,Less selective,95.93,,,202
Southwestern College,Chula Vista,CA,1344,9492,10893,Unknown,,,,16640
Southern California Institute of Architecture,Los Angeles,CA,53564,53564,37535,Less selective,82.67,,,236
University of Southern California,Los Angeles,CA,68237,68237,31927,Very selective,10.02,,,20817
Taft College,Taft,CA,1108,9076,2699,Unknown,,,,3216
Thomas Aquinas College,Santa Paula,CA,28700,28700,25032,Less selective,78.71,,,539
UEI College-Huntington Park,Huntington Park,CA,,,26959,Unknown,,,,1036
Concorde Career College-San Bernardino,San Bernardino,CA,,,23161,Less selective,98.1,,,260
Concorde Career College-North Hollywood,North Hollywood,CA,,,23584,Less selective,99.02,,,143
Ventura College,Ventura,CA,1416,8179,2257,Unknown,,,,9971
Victor Valley College,Victorville,CA,1425,10125,3228,Unknown,,,,12107
Berkeley City College,Berkeley,CA,1148,8684,8957,Unknown,,,,4541
Walden University,Minneapolis,MN,12498,12498,,Unknown,,,,7337
Coalinga College,Coalinga,CA,1384,10084,8626,Unknown,,,,2177
West Los Angeles College,Culver City,CA,1238,10130,7131,Unknown,,,,7277
West Valley College,Saratoga,CA,1490,8702,1842,Unknown,,,,6086
Carrington College-Sacramento,Sacramento,CA,,,37143,Unknown,,,,2262
Westmont College,Santa Barbara,CA,51790,51790,32926,Less selective,79.86,,,1310
Whittier College,Whittier,CA,49864,49864,29871,Less selective,85.38,,,812
Woodbury University,Burbank,CA,44886,44886,28248,Somewhat selective,72.87,,,825
Yeshiva Ohr Elchonon Chabad West Coast Talmudical Seminary,Los Angeles,CA,16900,16900,12258,Somewhat selective,61.68,,,157
Yuba College,Marysville,CA,1128,8208,3573,Unknown,,,,4311
Adams State University,Alamosa,CO,9776,21848,14173,Unknown,,,,1239
Aims Community College,Greeley,CO,2090,11306,9535,Unknown,,,,3182
Arapahoe Community College,Littleton,CO,4308,16542,10790,Unknown,,,,5392
Bel-Rea Institute of Animal Technology,Denver,CO,13819,13819,24961,Somewhat selective,59.42,,,161
University of Colorado Denver/Anschutz Medical Campus,Denver,CO,10017,28209,19133,Less selective,77.81,,,10686
University of Colorado Colorado Springs,Colorado Springs,CO,9712,20492,16431,Less selective,96.57,,,8870
Spartan College of Aeronautics and Technology,Broomfield,CO,17406,17406,30922,Unknown,,,,321
University of Colorado Boulder,Boulder,CO,16430,41943,21480,Less selective,83.28,,,31578
Colorado Christian University,Lakewood,CO,39266,39266,25458,Unknown,,,,5363
Colorado College,Colorado Springs,CO,67932,67932,31678,Very selective,20.03,,,2139
Concorde Career College-Aurora,Aurora,CO,,,16547,Less selective,100.0,,,196
Colorado Mountain College,Glenwood Springs,CO,2700,12540,6342,Unknown,,,,2821
Colorado Northwestern Community College,Rangely,CO,4454,7084,12316,Unknown,,,,500
Colorado School of Mines,Golden,CO,21186,44376,29240,Somewhat selective,59.71,,,5801
Colorado School of Trades,Lakewood,CO,,,22635,Less selective,76.92,,,108
Colorado State University-Fort Collins,Fort Collins,CO,12896,33751,20332,Less selective,89.59,,,25148
Colorado Technical University-Colorado Springs,Colorado Springs,CO,12760,12760,14954,Unknown,,,,25932
Community College of Aurora,Aurora,CO,4030,15680,7466,Unknown,,,,3346
Technical College of the Rockies,Delta,CO,,,3790,Unknown,,,,142
Community College of Denver,Denver,CO,4902,17136,9431,Unknown,,,,5156
University of Denver,Denver,CO,59340,59340,36037,Somewhat selective,71.19,,,6059
Emily Griffith Technical College,Denver,CO,,,7003,Unknown,,,,5914
Fort Lewis College,Durango,CO,9670,20798,17339,Less selective,93.2,,,3070
Front Range Community College,Westminster,CO,4740,16974,10854,Unknown,,,,11132
International Salon and Spa Academy,Colorado Springs,CO,,,20904,Unknown,,,,307
Lamar Community College,Lamar,CO,4422,7052,10328,Unknown,,,,406
Colorado Mesa University,Grand Junction,CO,9712,24312,15331,Less selective,81.39,,,7604
Metropolitan State University of Denver,Denver,CO,10780,29503,14294,Less selective,99.14,,,14932
Morgan Community College,Fort  Morgan,CO,4127,16360,7161,Unknown,,,,619
Naropa University,Boulder,CO,34600,34600,28862,Less selective,94.0,,,368
Nazarene Bible College,Colorado Springs,CO,10002,10002,,Unknown,,,,336
Northeastern Junior College,Sterling,CO,5582,8045,13224,Unknown,,,,825
University of Northern Colorado,Greeley,CO,12010,26204,18457,Less selective,86.43,,,5693
Otero College,La Junta,CO,4418,7048,11329,Unknown,,,,642
Pikes Peak State College,Colorado Springs,CO,4302,16534,9682,Unknown,,,,9307
Pueblo Community College,Pueblo,CO,4883,17116,11063,Unknown,,,,3293
Red Rocks Community College,Lakewood,CO,4707,16947,9356,Unknown,,,,4281
Regis University,Denver,CO,43980,43980,22689,Less selective,87.27,,,2599
Rocky Mountain College of Art and Design,Lakewood,CO,23720,23720,28037,Unknown,,,,1878
Colorado State University Pueblo,Pueblo,CO,9401,17242,12948,Less selective,99.84,,,3028
Pickens Technical College,Aurora,CO,4930,8330,7055,Unknown,,,,646
Intellitec College-Colorado Springs,Colorado Springs,CO,,,22051,Unknown,,,,816
Intellitec College-Grand Junction,Grand Junction,CO,,,16656,Unknown,,,,1160
Trinidad State College,Trinidad,CO,4468,7100,11197,Unknown,,,,1168
United States Air Force Academy,USAF Academy,CO,,,,Very selective,13.93,,,4124
Western Colorado University,Gunnison,CO,11083,23683,16773,Less selective,97.47,,,1653
Albertus Magnus College,New Haven,CT,39924,39924,32681,Somewhat selective,64.37,,,882
University of Bridgeport,Bridgeport,CT,35760,35760,24786,Somewhat selective,64.31,,,1450
Central Connecticut State University,New Britain,CT,12460,25736,16435,Less selective,75.53,,,7670
Charter Oak State College,New Britain,CT,8506,8506,15663,Unknown,,,,1620
Cortiva Institute,Cromwell,CT,,,34368,Unknown,,,,220
Connecticut College,New London,CT,64812,64812,33998,Selective,38.28,,,1960
Porter & Chester Institute of Hamden,Hamden,CT,14337,14337,19011,Unknown,,,,333
University of Connecticut,Storrs,CT,20366,43034,22886,Somewhat selective,53.95,,,19147
Goodwin University,East Hartford,CT,21198,21198,28544,Unknown,,,,2761
Eastern Connecticut State University,Willimantic,CT,13292,16624,20480,Less selective,80.55,,,3377
Fairfield University,Fairfield,CT,56360,56360,46274,Selective,44.98,,,4938
Paul Mitchell the School-North Haven,North Haven,CT,,,13534,Unknown,,,,191
Connecticut State Community College,Hartford,CT,5092,14840,8865,Unknown,,,,32292
American Institute-West Hartford,West Hartford,CT,,,18110,Unknown,,,,396
University of Hartford,West Hartford,CT,47647,47647,29558,Less selective,83.01,,,4032
Holy Apostles College and Seminary,Cromwell,CT,9580,9580,16073,Unknown,,,,203
Mitchell College,New London,CT,39050,39050,30841,Somewhat selective,73.36,,,421
Lincoln Technical Institute-New Britain,New Britain,CT,,,30180,Unknown,,,,783
New England Tractor Trailer Training School of Connecticut,Somers,CT,,,15448,Unknown,,,,293
University of New Haven,West Haven,CT,45730,45730,34089,Less selective,80.55,,,4799
Paier College,Bridgeport,CT,26400,26400,30982,Somewhat selective,61.54,,,183
Porter & Chester Institute,Bridgeport,CT,14349,14349,17332,Unknown,,,,1405
Post University,Waterbury,CT,17100,17100,19196,Unknown,,,,18975
Quinnipiac University,Hamden,CT,53090,53090,39207,Less selective,77.0,,,6208
Sacred Heart University,Fairfield,CT,48460,48460,45459,Somewhat selective,67.68,,,6904
University of Saint Joseph,West Hartford,CT,45908,45908,27375,Less selective,79.64,,,825
Southern Connecticut State University,New Haven,CT,12828,26104,20877,Less selective,81.12,,,6180
Trinity College,Hartford,CT,67420,67420,35009,Selective,33.52,,,2193
United States Coast Guard Academy,New London,CT,,,,Very selective,24.32,,,1081
Wesleyan University,Middletown,CT,67316,67316,27888,Very selective,17.1,,,2973
Western Connecticut State University,Danbury,CT,12763,16095,18617,Less selective,81.36,,,3434
Yale University,New Haven,CT,64700,64700,27818,Extremely selective,4.5,,,6811
Dawn Career Institute LLC,Newark,DE,,,15731,Unknown,,,,385
Delaware Technical Community College-Terry,Dover,DE,4965,11828,8033,Unknown,,,,11012
Delaware State University,Dover,DE,10314,20250,15745,Somewhat selective,61.67,,,4630
University of Delaware,Newark,DE,16080,39720,16931,Somewhat selective,65.11,,,18812
Goldey-Beacom College,Wilmington,DE,13440,13440,16957,Less selective,76.53,,,634
Schilling-Douglas School of Hair Design,Newark,DE,,,15105,Unknown,,,,166
Wilmington University,New Castle,DE,12330,12330,15355,Unknown,,,,8497
American University,Washington,DC,56543,56543,41945,Selective,47.38,,,7593
The Catholic University of America,Washington,DC,55834,55834,32798,Less selective,83.84,,,3063
University of the District of Columbia,Washington,DC,6152,13004,14693,Unknown,,,,3080
Gallaudet University,Washington,DC,18382,18382,14085,Somewhat selective,60.94,,,879
George Washington University,Washington,DC,64990,64990,37454,Selective,43.54,,,10848
Georgetown University,Washington,DC,65081,65081,39433,Very selective,13.08,,,7462
Howard University,Washington,DC,33344,33344,47919,Selective,34.89,,,9604
Strayer University-District of Columbia,Washington,DC,13920,13920,,Unknown,,,,309
Trinity Washington University,Washington,DC,26110,26110,12233,Less selective,99.19,,,1415
Atlantic Technical College,Coconut Creek,FL,,,13018,Unknown,,,,2672
Baptist University of Florida,Graceville,FL,13800,13800,8829,Somewhat selective,64.1,,,248
Barry University,Miami,FL,33450,33450,22978,Somewhat selective,59.07,,,2245
Bethune-Cookman University,Daytona Beach,FL,14794,14794,14892,Less selective,99.85,,,2414
Lynn University,Boca Raton,FL,42950,42950,38222,Somewhat selective,73.95,,,2820
Eastern Florida State College,Melbourne,FL,2496,9739,5939,Unknown,,,,10162
Broward College,Fort Lauderdale,FL,2830,8952,20077,Unknown,,,,23799
College of Central Florida,Ocala,FL,2710,10517,12310,Unknown,,,,4717
University of Central Florida,Orlando,FL,6368,22467,10650,Selective,39.52,,,59095
Charlotte Technical College,Port Charlotte,FL,3100,12100,10076,Unknown,,,,295
Chipola College,Marianna,FL,3120,8950,832,Unknown,,,,1218
Lorenzo Walker Technical College,Naples,FL,,,12241,Unknown,,,,767
Daytona State College,Daytona Beach,FL,3106,11994,7201,Unknown,,,,9367
Eckerd College,Saint Petersburg,FL,50374,50374,33011,Less selective,78.69,,,1984
Florida SouthWestern State College,Fort Myers,FL,3401,12979,8249,Unknown,,,,10613
Edward Waters University,Jacksonville,FL,14878,14878,13580,Less selective,84.81,,,1113
Embry-Riddle Aeronautical University-Daytona Beach,Daytona Beach,FL,42304,42304,40289,Somewhat selective,66.28,,,7535
Florida Agricultural and Mechanical University,Tallahassee,FL,5785,17725,15847,Very selective,21.12,,,7516
Florida Atlantic University,Boca Raton,FL,4879,17324,8001,Somewhat selective,73.44,,,23458
Florida State College at Jacksonville,Jacksonville,FL,2878,9992,2760,Unknown,,,,17739
Flagler College,Saint Augustine,FL,26610,26610,29951,Less selective,78.09,,,2404
Florida College,Temple Terrace,FL,18920,18920,22527,Somewhat selective,66.45,,,589
Concorde Career Institute-Jacksonville,Jacksonville,FL,,,27104,Less selective,96.47,,,140
Concorde Career Institute-Miramar,Miramar,FL,,,25614,Less selective,99.06,,,137
Concorde Career Institute-Tampa,Tampa,FL,,,24449,Less selective,98.54,,,132
AdventHealth University,Orlando,FL,20880,20880,31885,Unknown,,,,1068
Florida Institute of Technology,Melbourne,FL,44360,44360,35300,Somewhat selective,62.53,,,3235
Florida International University,Miami,FL,6565,18963,9133,Somewhat selective,58.84,,,38761
The College of the Florida Keys,Key West,FL,3279,13162,13818,Unknown,,,,823
Florida Memorial University,Miami Gardens,FL,19110,19110,18675,Somewhat selective,74.31,,,1299
Florida Career College-Miami,Miami,FL,,,34275,Unknown,,,,130
Florida Southern College,Lakeland,FL,42360,42360,29664,Somewhat selective,59.07,,,2607
Florida State University,Tallahassee,FL,5656,18786,10997,Selective,25.38,,,31812
University of Florida,Gainesville,FL,6381,28659,6351,Very selective,24.03,,,34102
Full Sail University,Winter Park,FL,26417,26417,31759,Unknown,,,,25195
George Stone Technical College,Pensacola,FL,,,9098,Unknown,,,,566
George T Baker Aviation Technical College,Miami,FL,,,6984,Unknown,,,,922
Gulf Coast State College,Panama City,FL,2370,8635,2339,Unknown,,,,3614
Hillsborough Community College,Tampa,FL,2506,9111,4929,Unknown,,,,19998
Hobe Sound Bible College,Hobe Sound,FL,9068,9068,10888,Unknown,,,,125
Hollywood Institute of Beauty Careers,Hollywood,FL,,,18597,Unknown,,,,286
Cortiva Institute,St. Petersburg,FL,,,26629,Unknown,,,,138
Indian River State College,Fort Pierce,FL,2764,10201,5202,Unknown,,,,11571
International Academy,South Daytona,FL,,,19071,Unknown,,,,191
Jacksonville University,Jacksonville,FL,46180,46180,26255,Somewhat selective,57.29,,,2649
Keiser University-Ft Lauderdale,Fort Lauderdale,FL,24136,24136,34439,Less selective,97.42,,,17370
La Belle Beauty School,Hialeah,FL,,,12731,Unknown,,,,239
Florida Gateway College,Lake City,FL,3100,11747,2915,Unknown,,,,2231
Lake Technical College,Eustis,FL,,,14597,Unknown,,,,738
Lake-Sumter State College,Leesburg,FL,3292,13276,5742,Unknown,,,,3572
Fort Myers Technical College,Fort Myers,FL,,,14072,Unknown,,,,668
Lively Technical College,Tallahassee,FL,,,7225,Unknown,,,,785
Lindsey Hopkins Technical College,Miami,FL,,,6900,Unknown,,,,388
Luther Rice College & Seminary,Lithonia,GA,10538,10538,3935,Selective,34.29,,,195
State College of Florida-Manatee-Sarasota,Bradenton,FL,3074,11595,21433,Unknown,,,,7161
Manatee Technical College,Bradenton,FL,,,7591,Unknown,,,,1117
Traviss Technical College,Lakeland,FL,,,,Unknown,,,,336
Miami Lakes Educational Center and Technical College,Miami Lakes,FL,,,98,Unknown,,,,730
Miami Dade College,Miami,FL,2838,9661,5929,Unknown,,,,35001
University of Miami,Coral Gables,FL,59926,59926,36803,Very selective,18.51,,,12570
Orange Technical College-South Campus,Orlando,FL,,,,Unknown,,,,1157
Paul Mitchell the School-Jacksonville,Jacksonville,FL,,,21529,Unknown,,,,117
North Florida College,Madison,FL,3054,11400,1799,Unknown,,,,817
University of North Florida,Jacksonville,FL,6389,20793,10353,Somewhat selective,62.27,,,13915
Nova Southeastern University,Fort Lauderdale,FL,37080,37080,31303,Somewhat selective,72.67,,,7171
Northwest Florida State College,Niceville,FL,3246,11625,5554,Unknown,,,,3193
Orange Technical College,Orlando,FL,,,7826,Unknown,,,,189
Palm Beach Atlantic University,West Palm Beach,FL,37990,37990,32751,Less selective,88.32,,,2427
Palm Beach State College,Lake Worth,FL,3050,10910,9832,Unknown,,,,20532
Pasco-Hernando State College,New Port Richey,FL,3155,12032,5154,Unknown,,,,6933
Pensacola State College,Pensacola,FL,2348,9407,2254,Unknown,,,,6725
Pinellas Technical College-Clearwater,Clearwater,FL,,,12103,Unknown,,,,730
Polk State College,Winter Haven,FL,3366,12272,9027,Unknown,,,,5954
Radford M Locklin Technical College,Milton,FL,,,5888,Unknown,,,,235
Ridge Technical College,Winter Haven,FL,3918,10398,22547,Unknown,,,,375
Ringling College of Art and Design,Sarasota,FL,55480,55480,55390,Somewhat selective,67.37,,,1719
Robert Morgan Educational Center and Technical College,Miami,FL,,,12702,Unknown,,,,868
Rollins College,Winter Park,FL,58300,58300,33847,Selective,40.56,,,2582
First Coast Technical College,Saint Augustine,FL,,,9538,Unknown,,,,369
Saint Leo University,Saint Leo,FL,28360,28360,18467,Somewhat selective,72.1,,,6999
St Petersburg College,St. Petersburg,FL,2682,9286,-52,Unknown,,,,18759
Pinellas Technical College-St. Petersburg,Saint Petersburg,FL,,,17981,Unknown,,,,1421
Santa Fe College,Gainesville,FL,2563,9189,11154,Unknown,,,,11133
Suncoast Technical College,Sarasota,FL,,,17430,Unknown,,,,1102
Seminole State College of Florida,Sanford,FL,3227,11447,3119,Unknown,,,,11790
Sheridan Technical College,Hollywood,FL,,,8663,Unknown,,,,1245
Saint Johns River State College,Palatka,FL,2830,10352,5808,Unknown,,,,3909
South Florida State College,Avon Park,FL,3165,11859,4443,Unknown,,,,2084
University of South Florida,Tampa,FL,6410,17324,10043,Selective,40.96,,,36299
St. Thomas University,Miami Gardens,FL,34770,34770,24275,Less selective,99.4,,,1963
Stetson University,DeLand,FL,55220,55220,21318,Less selective,86.43,,,2292
Southeastern University,Lakeland,FL,31732,31732,30209,Somewhat selective,74.29,,,4646
Bene's Career Academy,New Port Richey,FL,,,22360,Unknown,,,,288
Riveroak Technical College,Live Oak,FL,,,8836,Unknown,,,,241
Tallahassee Community College,Tallahassee,FL,2026,8062,8478,Unknown,,,,10357
The University of Tampa,Tampa,FL,33424,33424,35634,Selective,40.93,,,10093
Big Bend Technical College,Perry,FL,,,12558,Unknown,,,,160
Tom P. Haney Technical College,Panama City,FL,,,5182,Unknown,,,,432
Trinity Baptist College,Jacksonville,FL,14300,14300,19273,Somewhat selective,62.5,,,363
Trinity College of Florida,Trinity,FL,16300,16300,21283,Less selective,96.3,,,187
Valencia College,Orlando,FL,2474,9383,10399,Unknown,,,,35125
Warner University,Lake Wales,FL,28160,28160,21007,Selective,47.79,,,753
Florida Panhandle Technical College,Chipley,FL,,,9063,Unknown,,,,201
Webber International University,Babson Park,FL,32150,32150,29932,Less selective,77.56,,,879
University of West Florida,Pensacola,FL,6360,19241,8155,Somewhat selective,56.87,,,9042
Orange Technical College-West Campus,Winter Garden,FL,,,10256,Unknown,,,,607
William T McFatter Technical College,Davie,FL,,,8919,Unknown,,,,617
Orange Technical College-East Campus,Winter Park,FL,,,22206,Unknown,,,,372
Withlacoochee Technical College,Inverness,FL,,,,Unknown,,,,262
Abraham Baldwin Agricultural College,Tifton,GA,3195,10101,6061,Less selective,77.16,,,3218
Agnes Scott College,Decatur,GA,48150,48150,24224,Somewhat selective,67.31,,,898
Interactive College of Technology-Chamblee,Chamblee,GA,11330,11330,13775,Unknown,,,,529
Albany Technical College,Albany,GA,3196,5596,4293,Unknown,,,,2214
Albany State University,Albany,GA,5934,16656,14251,Unknown,,,,5829
Andrew College,Cuthbert,GA,19126,19126,21934,Somewhat selective,51.15,,,287
Georgia Career Institute,Conyers,GA,,,16052,Unknown,,,,586
Atlanta Technical College,Atlanta,GA,3164,5564,-864,Unknown,,,,3044
Point University,West Point,GA,22300,22300,20752,Somewhat selective,67.51,,,2617
Atlanta Metropolitan State College,Atlanta,GA,3105,9731,5090,Unknown,,,,1348
Atlanta School of Massage,Atlanta,GA,,,27774,Unknown,,,,319
Clark Atlanta University,Atlanta,GA,26446,26446,35115,Somewhat selective,64.63,,,3482
Augusta Technical College,Augusta,GA,4022,7022,8509,Unknown,,,,3531
Berry College,Mount Berry,GA,40416,40416,21568,Somewhat selective,61.85,,,2213
Beulah Heights University,Atlanta,GA,8492,8492,5970,Unknown,,,,158
Brenau University,Gainesville,GA,33275,33275,20786,Less selective,86.96,,,981
Brewton-Parker College,Mount Vernon,GA,21696,21696,21983,Less selective,86.35,,,684
College of Coastal Georgia,Brunswick,GA,3483,10389,12905,Less selective,98.51,,,2794
West Georgia Technical College,Waco,GA,3122,5522,2050,Unknown,,,,4811
Clayton  State University,Morrow,GA,5068,15790,10145,Somewhat selective,70.59,,,4390
Columbus Technical College,Columbus,GA,3042,5442,4959,Unknown,,,,2668
Columbus State University,Columbus,GA,5751,16805,11889,Less selective,99.24,,,5537
Georgia Northwestern Technical College,Rome,GA,3132,5532,1432,Unknown,,,,4080
Covenant College,Lookout Mountain,GA,40464,40464,24832,Less selective,81.76,,,858
Dalton State College,Dalton,GA,3283,10189,4694,Unknown,,,,4419
South University-Savannah,Savannah,GA,18238,18238,24116,Unknown,,,,246
East Georgia State College,Swainsboro,GA,2736,9088,9380,Unknown,,,,1368
Emmanuel University,Franklin Springs,GA,23664,23664,19297,Somewhat selective,53.36,,,719
Emory University,Atlanta,GA,60774,60774,23911,Very selective,11.1,,,7275
Georgia Highlands College,Rome,GA,2944,9296,6588,Unknown,,,,4441
Fort Valley State University,Fort Valley,GA,5392,16114,11609,Somewhat selective,62.8,,,2541
Georgia Institute of Technology-Main Campus,Atlanta,GA,11764,32876,13289,Very selective,16.46,,,18260
Georgia Southwestern State University,Americus,GA,4980,15702,12052,Less selective,77.16,,,2291
Georgia College & State University,Milledgeville,GA,8998,28178,18809,Less selective,87.77,,,5599
Georgia Southern University,Statesboro,GA,5905,16959,16531,Less selective,89.63,,,21029
Georgia State University,Atlanta,GA,8478,23709,15931,Somewhat selective,62.28,,,27109
University of Georgia,Athens,GA,11180,30220,13816,Selective,37.2,,,31310
Gordon State College,Barnesville,GA,3475,10381,8918,Less selective,86.78,,,2605
Southern Crescent Technical College,Griffin,GA,3126,5526,4652,Unknown,,,,4035
Gupton Jones College of Funeral Service,Decatur,GA,21000,21000,21563,Unknown,,,,451
Gwinnett College-Lilburn,Lilburn,GA,10850,10850,27010,Unknown,,,,132
Gwinnett Technical College,Lawrenceville,GA,3356,5756,12599,Unknown,,,,7395
LaGrange College,Lagrange,GA,34540,34540,17805,Somewhat selective,63.21,,,566
Lanier Technical College,Gainesville,GA,3716,6716,5613,Unknown,,,,4147
Life University,Marietta,GA,15036,15036,30257,Less selective,93.81,,,869
Chattahoochee Technical College,Marietta,GA,3252,5652,4546,Unknown,,,,7555
Mercer University,Macon,GA,40890,40890,22350,Somewhat selective,66.46,,,4620
Morehouse College,Atlanta,GA,31725,31725,35949,Somewhat selective,51.39,,,2736
Morris Brown College,Atlanta,GA,9558,9558,18898,Unknown,,,,338
North Georgia Technical College,Clarkesville,GA,3162,5562,4361,Unknown,,,,1966
Oglethorpe University,Atlanta,GA,45806,45806,21735,Somewhat selective,60.06,,,1429
Paine College,Augusta,GA,14596,14596,15074,Less selective,83.36,,,338
Piedmont University,Demorest,GA,30680,30680,20893,Less selective,92.84,,,1235
Reinhardt University,Waleska,GA,28420,28420,27769,Somewhat selective,55.16,,,1012
Savannah Technical College,Savannah,GA,3072,5472,5821,Unknown,,,,2967
Savannah College of Art and Design,Savannah,GA,40595,40595,45450,Less selective,83.68,,,14423
Savannah State University,Savannah,GA,5498,16218,8683,Unknown,,,,2727
Shorter University,Rome,GA,24044,24044,16286,Less selective,96.93,,,1091
South Georgia Technical College,Americus,GA,3782,6782,1026,Unknown,,,,1302
Spelman College,Atlanta,GA,30058,30058,36828,Selective,34.09,,,3633
Thomas University,Thomasville,GA,11640,11640,19313,Selective,43.16,,,813
Toccoa Falls College,Toccoa Falls,GA,23250,23250,20133,Somewhat selective,63.81,,,820
Truett McConnell University,Cleveland,GA,25568,25568,22328,Less selective,90.68,,,768
Wiregrass Georgia Technical College,Valdosta,GA,3212,5612,1228,Unknown,,,,2762
Valdosta State University,Valdosta,GA,6007,17062,11298,Less selective,83.49,,,6858
Wesleyan College,Macon,GA,27650,27650,14528,Somewhat selective,62.07,,,466
University of West Georgia,Carrollton,GA,5971,17024,15450,Selective,49.37,,,7485
Young Harris College,Young Harris,GA,32305,32305,11008,Somewhat selective,64.02,,,810
Chaminade University of Honolulu,Honolulu,HI,29970,29970,28061,Less selective,92.63,,,1648
University of Hawaii at Hilo,Hilo,HI,7838,20798,12063,Less selective,89.77,,,2260
University of Hawaii at Manoa,Honolulu,HI,12186,34218,13181,Somewhat selective,69.69,,,14306
Hawaii Pacific University,Honolulu,HI,33020,33020,30557,Less selective,84.48,,,2502
Honolulu Community College,Honolulu,HI,3174,8310,6399,Unknown,,,,1897
Kapiolani Community College,Honolulu,HI,3284,8420,5194,Unknown,,,,3955
Kauai Community College,Lihue,HI,3252,8388,5724,Unknown,,,,726
Leeward Community College,Pearl City,HI,3214,8350,7636,Unknown,,,,3382
University of Hawaii Maui College,Kahului,HI,3284,8420,9421,Unknown,,,,1635
University of Hawaii-West Oahu,Kapolei,HI,7584,20544,10666,Less selective,95.6,,,2510
Windward Community College,Kaneohe,HI,3194,8330,7533,Unknown,,,,1109
Carrington College-Boise,Boise,ID,,,,Unknown,,,,433
Boise Bible College,Boise,ID,11240,11240,16884,Less selective,96.43,,,103
Boise State University,Boise,ID,8782,26976,19182,Less selective,83.96,,,17081
College of Eastern Idaho,Idaho Falls,ID,3390,6750,8728,Unknown,,,,1396
Idaho State University,Pocatello,ID,8356,27466,17324,Unknown,,,,7260
University of Idaho,Moscow,ID,8816,29784,13782,Less selective,79.09,,,7363
The College of Idaho,Caldwell,ID,36030,36030,20566,Selective,47.22,,,1049
Lewis-Clark State College,Lewiston,ID,7388,21386,12832,Less selective,89.78,,,2277
North Idaho College,Coeur d'Alene,ID,3396,8736,11481,Unknown,,,,2488
Northwest Nazarene University,Nampa,ID,39370,39370,25537,Somewhat selective,62.95,,,1138
Brigham Young University-Idaho,Rexburg,ID,4656,4656,7131,Less selective,96.95,,,42090
College of Southern Idaho,Twin Falls,ID,3360,6840,7005,Unknown,,,,3476
School of the Art Institute of Chicago,Chicago,IL,54530,54530,49822,Less selective,76.42,,,2762
Augustana College,Rock Island,IL,49834,49834,12437,Somewhat selective,67.65,,,2418
Aurora University,Aurora,IL,28220,28220,18992,Less selective,85.14,,,4021
Southwestern Illinois College,Belleville,IL,3870,6210,7210,Unknown,,,,5280
Black Hawk College,Moline,IL,4920,8100,6718,Unknown,,,,2266
Blackburn College,Carlinville,IL,26758,26758,21814,Less selective,80.14,,,341
Blessing Rieman College of Nursing and Health Sciences,Quincy,IL,,,,Unknown,,,,176
Bradley University,Peoria,IL,39680,39680,23572,Less selective,76.66,,,3865
Paul Mitchell the School-Tinley Park,Tinley Park,IL,,,14852,Unknown,,,,253
Carl Sandburg College,Galesburg,IL,5300,8810,1036,Unknown,,,,1124
Chicago State University,Chicago,IL,12754,12754,10133,Selective,40.52,,,1414
University of Chicago,Chicago,IL,66939,66939,18967,Extremely selective,4.79,,,7540
City Colleges of Chicago-Kennedy-King College,Chicago,IL,4380,14430,4902,Unknown,,,,1564
City Colleges of Chicago-Malcolm X College,Chicago,IL,4380,14430,3729,Unknown,,,,5847
City Colleges of Chicago-Olive-Harvey College,Chicago,IL,4380,14430,5749,Unknown,,,,1425
City Colleges of Chicago-Harry S Truman College,Chicago,IL,4380,14430,3816,Unknown,,,,2248
City Colleges of Chicago-Richard J Daley College,Chicago,IL,4380,14430,3166,Unknown,,,,2540
City Colleges of Chicago-Harold Washington College,Chicago,IL,4380,14430,2974,Unknown,,,,4146
City Colleges of Chicago-Wilbur Wright College,Chicago,IL,4380,14430,2651,Unknown,,,,4186
Columbia College Chicago,Chicago,IL,32520,32520,26788,Less selective,91.17,,,6294
Concordia University-Chicago,River Forest,IL,36258,36258,16774,Less selective,93.36,,,1337
Danville Area Community College,Danville,IL,5300,9200,2943,Unknown,,,,1360
Tricoci University of Beauty Culture,Urbana,IL,,,15024,Unknown,,,,171
DePaul University,Chicago,IL,44460,44460,29141,Somewhat selective,73.53,,,14283
Cosmetology & Spa Academy,Crystal Lake,IL,,,14887,Unknown,,,,377
College of DuPage,Glen Ellyn,IL,4320,12510,6182,Unknown,,,,15185
East-West University,Chicago,IL,26100,26100,21055,Unknown,,,,528
Eastern Illinois University,Charleston,IL,13403,15879,14093,Somewhat selective,67.75,,,4398
Elgin Community College,Elgin,IL,3180,9516,5778,Unknown,,,,6463
Elmhurst University,Elmhurst,IL,41628,41628,21063,Less selective,75.74,,,2954
Eureka College,Eureka,IL,28400,28400,22048,Less selective,88.47,,,522
First Institute of Travel Inc.,Crystal Lake,IL,,,20410,Unknown,,,,274
Fox College,Tinley Park,IL,17190,17190,13506,Less selective,76.56,,,239
Governors State University,University Park,IL,11320,11320,9477,Unknown,,,,2518
Greenville University,Greenville,IL,30598,30598,21270,Less selective,95.37,,,873
G Skin & Beauty Institute,Schaumburg,IL,,,21142,Unknown,,,,494
Hair Professionals School of Cosmetology,Oswego,IL,,,19759,Unknown,,,,121
Highland Community College,Freeport,IL,4696,7120,5359,Unknown,,,,926
University of Illinois Chicago,Chicago,IL,14338,29360,12313,Less selective,78.5,,,21814
Benedictine University,Lisle,IL,34290,34290,23529,Less selective,77.22,,,1817
University of Illinois Urbana-Champaign,Champaign,IL,16004,34501,15201,Selective,43.69,,,34623
Illinois Wesleyan University,Bloomington,IL,55704,55704,29550,Selective,45.17,,,1570
Illinois Central College,East Peoria,IL,4650,11700,11510,Unknown,,,,4909
Illinois College,Jacksonville,IL,37470,37470,17945,Somewhat selective,74.67,,,925
Olney Central College,Olney,IL,4390,12340,9968,Unknown,,,,549
Illinois Institute of Technology,Chicago,IL,51763,51763,19353,Somewhat selective,55.42,,,2812
Illinois State University,Normal,IL,16021,28086,18996,Less selective,89.01,,,18414
Illinois Valley Community College,Oglesby,IL,4060,14981,3957,Unknown,,,,1851
John A Logan College,Carterville,IL,4630,7540,7599,Unknown,,,,2018
John Wood Community College,Quincy,IL,5700,9000,6596,Unknown,,,,1387
Joliet Junior College,Joliet,IL,4530,13800,5741,Unknown,,,,8843
Judson University,Elgin,IL,30910,30910,25027,Somewhat selective,63.12,,,780
Kankakee Community College,Kankakee,IL,5070,25680,5190,Unknown,,,,1904
Kaskaskia College,Centralia,IL,4800,12570,6839,Unknown,,,,1842
Kishwaukee College,Malta,IL,4980,13800,6480,Unknown,,,,1794
Knox College,Galesburg,IL,55587,55587,24875,Somewhat selective,71.13,,,997
College of Lake County,Grayslake,IL,4494,14036,6212,Unknown,,,,9282
Lake Forest College,Lake Forest,IL,54202,54202,27499,Somewhat selective,59.41,,,1782
Lake Land College,Mattoon,IL,4280,13906,3271,Unknown,,,,2492
Lewis and Clark Community College,Godfrey,IL,3552,12552,4281,Unknown,,,,2252
Lewis University,Romeoville,IL,37882,37882,18370,Somewhat selective,72.73,,,3665
Lincoln Land Community College,Springfield,IL,3672,10248,5294,Unknown,,,,3917
Loyola University Chicago,Chicago,IL,51716,51716,35196,Less selective,81.39,,,11576
Generations College,Chicago,IL,12700,12700,19558,Unknown,,,,317
McHenry County College,Crystal Lake,IL,4012,14885,8093,Unknown,,,,4335
McKendree University,Lebanon,IL,34070,34070,24190,Somewhat selective,63.88,,,1600
Methodist College,Peoria,IL,18008,18008,14867,Selective,31.11,,,374
Millikin University,Decatur,IL,26892,43670,8837,Somewhat selective,54.05,,,1458
Monmouth College,Monmouth,IL,43520,43520,18034,Less selective,86.62,,,725
Moody Bible Institute,Chicago,IL,15356,15356,25007,Less selective,97.54,,,1586
Moraine Valley Community College,Palos Hills,IL,3822,9846,1771,Unknown,,,,7417
Morton College,Cicero,IL,4884,11028,6763,Unknown,,,,2593
National Louis University,Chicago,IL,12345,12345,16157,Less selective,93.12,,,4100
North Central College,Naperville,IL,44394,44394,23033,Somewhat selective,58.31,,,2360
North Park University,Chicago,IL,35325,35325,18191,Somewhat selective,72.84,,,1844
Northern Illinois University,Dekalb,IL,12700,12700,12909,Somewhat selective,70.45,,,11277
Northwestern University,Evanston,IL,65997,65997,27143,Extremely selective,7.15,,,8960
Northeastern Illinois University,Chicago,IL,12383,22726,13550,Somewhat selective,70.4,,,3869
Oakton College,Des Plaines,IL,3985,12462,6188,Unknown,,,,6229
Olivet Nazarene University,Bourbonnais,IL,37940,37940,21539,Somewhat selective,66.9,,,2485
Parkland College,Champaign,IL,4284,13266,8271,Unknown,,,,3293
Prairie State College,Chicago Heights,IL,4176,11064,5280,Unknown,,,,2448
Principia College,Elsah,IL,33280,33280,,Selective,44.4,,,337
Quincy University,Quincy,IL,35740,35740,17324,Selective,49.89,,,1038
Rend Lake College,Ina,IL,4500,7800,7309,Unknown,,,,1196
Richland Community College,Decatur,IL,4590,17070,5393,Unknown,,,,1412
Rock Valley College,Rockford,IL,4274,21344,7325,Unknown,,,,4362
Rockford University,Rockford,IL,37300,37300,23066,Somewhat selective,57.23,,,956
Roosevelt University,Chicago,IL,20280,20280,20152,Less selective,94.27,,,2583
Dominican University,River Forest,IL,37844,37844,15113,Less selective,79.8,,,2271
Rush University,Chicago,IL,,,,Unknown,,,,120
Saint Francis Medical Center College of Nursing,Peoria,IL,,,,Unknown,,,,267
University of St Francis,Joliet,IL,37000,37000,16284,Somewhat selective,63.93,,,1292
Saint Xavier University,Chicago,IL,36840,36840,12093,Less selective,85.75,,,3030
University of Illinois Springfield,Springfield,IL,12252,22017,8916,Less selective,84.37,,,2292
Sauk Valley Community College,Dixon,IL,5190,12840,8388,Unknown,,,,1164
Shawnee Community College,Ullin,IL,4650,7500,4542,Unknown,,,,675
St. Augustine College,Chicago,IL,13288,13288,17082,Unknown,,,,749
Southeastern Illinois College,Harrisburg,IL,4320,6540,5571,Unknown,,,,659
Spoon River College,Canton,IL,5580,12540,6584,Unknown,,,,735
Saint Anthony College of Nursing,Rockford,IL,27811,27811,,Less selective,100.0,,,152
Southern Illinois University-Carbondale,Carbondale,IL,13244,13244,16177,Less selective,90.44,,,8116
Southern Illinois University-Edwardsville,Edwardsville,IL,12922,12922,13696,Less selective,97.21,,,8836
South Suburban College,South Holland,IL,5093,12683,2919,Unknown,,,,2012
Trinity Christian College,Palos Heights,IL,20325,20325,16381,Less selective,88.65,,,796
Trinity International University-Illinois,Deerfield,IL,12320,12320,21386,Less selective,93.18,,,140
Triton College,River Grove,IL,4920,14880,4427,Unknown,,,,6229
University of Spa & Cosmetology Arts,Springfield,IL,,,17951,Unknown,,,,165
Waubonsee Community College,Sugar Grove,IL,3432,12330,6113,Unknown,,,,5499
Western Illinois University,Macomb,IL,14952,14952,11592,Somewhat selective,74.96,,,4939
Wheaton College,Wheaton,IL,43930,43930,26984,Less selective,89.98,,,2087
William Rainey Harper College,Palatine,IL,3822,11802,6186,Unknown,,,,8815
Anderson University,Anderson,IN,35640,35640,22144,Somewhat selective,53.42,,,1070
Ball State University,Muncie,IN,10758,28766,15898,Somewhat selective,71.6,,,13770
Bethel University,Mishawaka,IN,33320,33320,19726,Less selective,98.68,,,1069
Butler University,Indianapolis,IN,45980,45980,38472,Less selective,85.87,,,4383
Calumet College of Saint Joseph,Whiting,IN,22650,22650,20739,Unknown,,,,560
College of Court Reporting Inc,Valparaiso,IN,10080,10080,41410,Unknown,,,,183
Tricoci University of Beauty Culture-Highland,Highland,IN,,,19194,Unknown,,,,317
DePauw University,Greencastle,IN,57070,57070,24546,Somewhat selective,54.06,,,1804
Earlham College,Richmond,IN,51840,51840,24516,Somewhat selective,74.22,,,612
University of Evansville,Evansville,IN,42676,42676,20230,Less selective,77.65,,,1477
Franklin College,Franklin,IN,37350,37350,22762,Somewhat selective,70.58,,,872
Goshen College,Goshen,IN,37760,37760,15725,Less selective,88.94,,,761
Grace College and Theological Seminary,Winona Lake,IN,30034,30034,18406,Less selective,80.78,,,1511
Hanover College,Hanover,IN,42894,42894,21826,Less selective,83.97,,,958
Holy Cross College,Notre Dame,IN,35500,35500,26470,Somewhat selective,73.71,,,533
PJ's College of Cosmetology-Clarksville,Clarksville,IN,,,20299,Unknown,,,,222
Huntington University,Huntington,IN,29982,29982,13710,Somewhat selective,71.15,,,1016
Ivy Tech Community College,Indianapolis,IN,4912,9465,6544,Unknown,,,,54926
Purdue University Fort Wayne,Fort Wayne,IN,9254,22220,11513,Less selective,85.66,,,5450
Indiana University-Indianapolis,Indianapolis,IN,10449,33717,11408,Less selective,81.39,,,16582
University of Indianapolis,Indianapolis,IN,36136,36136,18748,Somewhat selective,72.76,,,3147
Indiana Institute of Technology,Fort Wayne,IN,30446,30446,21318,Somewhat selective,56.89,,,1361
University of Southern Indiana,Evansville,IN,10136,22573,12621,Less selective,94.65,,,5344
Indiana State University,Terre Haute,IN,9992,21734,12188,Less selective,91.5,,,6620
Indiana University-Kokomo,Kokomo,IN,8179,22043,6276,Less selective,84.69,,,2308
Indiana University-South Bend,South Bend,IN,8179,22043,8364,Less selective,85.99,,,3807
Indiana University-Bloomington,Bloomington,IN,11790,40482,15342,Less selective,80.37,,,36571
Indiana University-Northwest,Gary,IN,8179,22043,5970,Less selective,76.7,,,2582
Indiana University-Southeast,New Albany,IN,8179,22043,8257,Less selective,83.12,,,3088
Indiana University-East,Richmond,IN,8179,22043,9082,Somewhat selective,71.24,,,2446
International Business College-Indianapolis,Indianapolis,IN,16480,16480,14989,Less selective,81.82,,,145
Lincoln College of Technology-Indianapolis,Indianapolis,IN,,,29530,Unknown,,,,1004
Manchester University,North Manchester,IN,37090,37090,19268,Less selective,91.3,,,895
Marian University,Indianapolis,IN,39100,39100,23594,Less selective,95.34,,,2336
Indiana Wesleyan University-Marion,Marion,IN,31168,31168,23069,Less selective,82.21,,,1927
Martin University,Indianapolis,IN,12830,12830,13879,Unknown,,,,164
Mid-America College of Funeral Service,Jeffersonville,IN,19800,19800,25456,Unknown,,,,337
University of Notre Dame,Notre Dame,IN,62693,62693,27823,Very selective,12.38,,,8923
Oakland City University,Oakland City,IN,27150,27150,12820,Somewhat selective,68.21,,,470
Ravenscroft Beauty College,Fort Wayne,IN,,,,Unknown,,,,114
Rogers Academy of Hair Design,Evansville,IN,,,15466,Unknown,,,,101
Rose-Hulman Institute of Technology,Terre Haute,IN,56674,56674,40665,Somewhat selective,72.81,,,2224
University of Saint Francis-Fort Wayne,Fort Wayne,IN,35420,35420,20361,Less selective,97.56,,,1599
Saint Mary-of-the-Woods College,Saint Mary of the Woods,IN,33490,33490,43465,Less selective,76.14,,,896
Saint Mary's College,Notre Dame,IN,51430,51430,28552,Less selective,81.11,,,1399
Saint Elizabeth School of Nursing,Lafayette,IN,20064,20064,27833,Less selective,100.0,,,131
Taylor University,Upland,IN,39104,39104,24327,Less selective,76.11,,,1890
Trine University,Angola,IN,35600,35600,25580,Less selective,84.69,,,2344
Valparaiso University,Valparaiso,IN,46588,46588,21583,Less selective,92.22,,,2229
Vincennes University,Vincennes,IN,6886,16289,10215,Unknown,,,,3739
Wabash College,Crawfordsville,IN,49125,49125,21906,Somewhat selective,62.78,,,845
Allen College,Waterloo,IA,20444,20444,,Unknown,,,,279
Briar Cliff University,Sioux City,IA,35534,35534,21590,Unknown,,,,626
Buena Vista University,Storm Lake,IA,40190,40190,18321,Somewhat selective,71.76,,,1378
Capri College-Dubuque,Dubuque,IA,,,14104,Unknown,,,,153
Capri College-Cedar Rapids,Cedar Rapids,IA,,,13683,Unknown,,,,128
Central College,Pella,IA,20988,20988,22353,Less selective,78.97,,,1062
Clarke University,Dubuque,IA,39600,39600,20068,Somewhat selective,68.16,,,782
Coe College,Cedar Rapids,IA,52576,52576,19155,Somewhat selective,70.67,,,1246
Cornell College,Mount Vernon,IA,50634,50634,25079,Less selective,80.66,,,1074
Des Moines Area Community College,Ankeny,IA,5550,11100,11050,Unknown,,,,10406
Dordt University,Sioux Center,IA,35960,35960,25383,Somewhat selective,71.16,,,1547
Drake University,Des Moines,IA,49944,49944,30042,Somewhat selective,64.13,,,2669
University of Dubuque,Dubuque,IA,40065,40065,23250,Less selective,86.92,,,1473
Ellsworth Community College,Iowa Falls,IA,5304,6312,10915,Unknown,,,,540
Emmaus Bible College,Dubuque,IA,20000,20000,12904,Less selective,97.7,,,183
Eastern Iowa Community College District,Davenport,IA,4680,6299,9722,Unknown,,,,3244
Faith Baptist Bible College and Theological Seminary,Ankeny,IA,19530,19530,17819,Selective,49.68,,,371
Graceland University-Lamoni,Lamoni,IA,33220,33220,15975,Less selective,83.22,,,901
Grand View University,Des Moines,IA,33450,33450,21616,Less selective,98.38,,,1472
Grinnell College,Grinnell,IA,64862,64862,15608,Very selective,12.68,,,1705
Hawkeye Community College,Waterloo,IA,6308,6598,10298,Unknown,,,,2528
Indian Hills Community College,Ottumwa,IA,4872,6120,7492,Unknown,,,,1635
Iowa Central Community College,Fort Dodge,IA,5376,7668,9601,Unknown,,,,3107
Iowa Lakes Community College,Estherville,IA,7196,7644,10846,Unknown,,,,995
Iowa State University,Ames,IA,10497,27683,18165,Less selective,89.13,,,25033
Iowa Western Community College,Council Bluffs,IA,6780,6930,11574,Unknown,,,,3029
University of Iowa,Iowa City,IA,10964,32927,21398,Less selective,84.67,,,21691
Kirkwood Community College,Cedar Rapids,IA,5980,7968,9388,Unknown,,,,7438
La James International College-Johnston,Johnston,IA,,,17456,Unknown,,,,113
Loras College,Dubuque,IA,38298,38298,21057,Less selective,91.83,,,1087
Luther College,Decorah,IA,50320,50320,25635,Somewhat selective,73.27,,,1454
Maharishi International University,Fairfield,IA,16530,16530,18225,Less selective,96.9,,,774
Marshalltown Community College,Marshalltown,IA,5304,5808,7144,Unknown,,,,868
Mercy College of Health Sciences,Des Moines,IA,17328,17328,23417,Less selective,98.78,,,905
Morningside University,Sioux City,IA,38190,38190,23169,Somewhat selective,70.57,,,1166
Mount Mercy University,Cedar Rapids,IA,39070,39070,23435,Less selective,78.76,,,1135
Ashford University,San Diego,CA,13160,13160,25321,Unknown,,,,23734
North Iowa Area Community College,Mason City,IA,6436,9245,8849,Unknown,,,,1271
University of Northern Iowa,Cedar Falls,IA,9728,21272,14609,Less selective,94.4,,,7599
Northwestern College,Orange City,IA,35300,35300,23519,Less selective,87.01,,,1125
Northeast Iowa Community College,Calmar,IA,6600,7470,10059,Unknown,,,,1736
Northwest Iowa Community College,Sheldon,IA,7110,7410,12357,Unknown,,,,856
PCI Academy-Ames,Ames,IA,,,18518,Unknown,,,,170
Saint Ambrose University,Davenport,IA,35598,35598,22750,Somewhat selective,73.32,,,2101
St Luke's College,Sioux City,IA,20940,20940,13021,Selective,44.44,,,192
La James International College-Davenport,Davenport,IA,,,20940,Unknown,,,,123
Simpson College,Indianola,IA,46212,46212,22231,Less selective,88.88,,,1130
Southeastern Community College,West Burlington,IA,6300,6450,12812,Unknown,,,,1529
Southwestern Community College,Creston,IA,7024,7248,9775,Unknown,,,,774
Capri College-Davenport,Davenport,IA,,,12882,Unknown,,,,142
Upper Iowa University,Fayette,IA,19000,19000,23172,Less selective,93.38,,,2021
Waldorf University,Forest City,IA,25220,25220,21683,Somewhat selective,72.6,,,2103
Wartburg College,Waverly,IA,51040,51040,22604,Less selective,99.41,,,1446
The Salon Professional Academy-Cedar Falls,Cedar Falls,IA,,,13595,Unknown,,,,101
Western Iowa Tech Community College,Sioux City,IA,5042,5186,8875,Unknown,,,,2589
William Penn University,Oskaloosa,IA,28750,28750,22115,Somewhat selective,57.01,,,1391
Allen County Community College,Iola,KS,3920,4480,5899,Unknown,,,,761
Baker University,Baldwin City,KS,33900,33900,22500,Less selective,92.1,,,1080
Barton County Community College,Great Bend,KS,3616,4832,11865,Unknown,,,,2273
Benedictine College,Atchison,KS,34800,34800,27477,Less selective,76.45,,,2236
Bethany College,Lindsborg,KS,31946,31946,29203,Less selective,78.6,,,583
Bethel College-North Newton,North Newton,KS,34002,34002,24392,Less selective,95.7,,,499
Butler Community College,El Dorado,KS,3556,6256,16051,Unknown,,,,5694
Central Christian College of Kansas,McPherson,KS,21000,21000,12473,Unknown,,,,394
Cloud County Community College,Concordia,KS,3180,4140,11477,Unknown,,,,807
Coffeyville Community College,Coffeyville,KS,3040,4608,5481,Unknown,,,,870
Colby Community College,Colby,KS,4046,5736,8021,Unknown,,,,837
Cowley County Community College,Arkansas City,KS,4350,6150,6752,Unknown,,,,1548
Dodge City Community College,Dodge City,KS,4650,5850,6147,Unknown,,,,1200
Donnelly College,Kansas City,KS,10350,10350,15025,Unknown,,,,343
Emporia State University,Emporia,KS,7356,15669,15702,Less selective,97.74,,,2328
Flint Hills Technical College,Emporia,KS,6196,6196,15533,Unknown,,,,341
Fort Hays State University,Hays,KS,5633,16811,13493,Less selective,91.77,,,9792
Barclay College,Haviland,KS,26590,26590,28827,Somewhat selective,54.49,,,161
Friends University,Wichita,KS,32748,32748,25752,Somewhat selective,55.64,,,1015
Fort Scott Community College,Fort Scott,KS,3240,3690,665,Unknown,,,,763
Garden City Community College,Garden City,KS,3570,4200,8681,Unknown,,,,1321
Haskell Indian Nations University,Lawrence,KS,600,600,3031,Less selective,88.32,,,878
Hesston College,Hesston,KS,31368,31368,21458,Unknown,,,,308
Highland Community College,Highland,KS,4116,4116,10388,Unknown,,,,1262
Hutchinson Community College,Hutchinson,KS,3420,4650,5300,Unknown,,,,2911
Independence Community College,Independence,KS,4260,4650,6262,Unknown,,,,518
Johnson County Community College,Overland Park,KS,2328,5472,13912,Unknown,,,,10634
Concorde Career College-Kansas City,Kansas City,MO,,,28094,Less selective,98.83,,,240
Kansas City Kansas Community College,Kansas City,KS,3150,6720,15255,Unknown,,,,3071
Kansas Christian College,Overland Park,KS,10950,10950,15686,Unknown,,,,143
University of Kansas,Lawrence,KS,11700,29412,17365,Less selective,88.2,,,19857
Newman University,Wichita,KS,35500,35500,19045,Selective,47.61,,,857
Kansas State University,Manhattan,KS,10942,27816,17883,Less selective,79.36,,,14835
Kansas Wesleyan University,Salina,KS,33470,33470,23369,Less selective,84.98,,,894
Labette Community College,Parsons,KS,3968,4768,7795,Unknown,,,,766
Manhattan Area Technical College,Manhattan,KS,9276,9276,11752,Unknown,,,,328
Manhattan Christian College,Manhattan,KS,18424,18424,23608,Less selective,100.0,,,132
McPherson College,McPherson,KS,35162,35162,24837,Less selective,83.79,,,786
MidAmerica Nazarene University,Olathe,KS,36120,36120,29520,Somewhat selective,73.46,,,977
Neosho County Community College,Chanute,KS,5644,5644,10179,Unknown,,,,848
North Central Kansas Technical College,Beloit,KS,7208,7208,17460,Unknown,,,,472
Northwest Kansas Technical College,Goodland,KS,,,12222,Unknown,,,,314
Ottawa University-Ottawa,Ottawa,KS,35300,35300,28083,Less selective,80.03,,,935
Pittsburg State University,Pittsburg,KS,8008,19692,18889,Less selective,88.17,,,4162
Pratt Community College,Pratt,KS,4064,4712,8244,Unknown,,,,600
University of Saint Mary,Leavenworth,KS,33890,33890,23335,Less selective,89.84,,,889
Salina Area Technical College,Salina,KS,7020,7020,7018,Unknown,,,,352
Seward County Community College,Liberal,KS,3744,5056,6742,Unknown,,,,1140
Southwestern College,Winfield,KS,38480,38480,27310,Somewhat selective,64.97,,,1026
Sterling College,Sterling,KS,32200,32200,22403,Somewhat selective,53.03,,,569
Tabor College,Hillsboro,KS,35050,35050,19868,Somewhat selective,64.62,,,530
Washburn University,Topeka,KS,9578,20582,13046,Unknown,,,,4093
Wichita State University-Campus of Applied Sciences and Technology,Wichita,KS,6018,6928,10741,Unknown,,,,2778
Wichita State University,Wichita,KS,9322,19240,13776,Less selective,94.94,,,10493
Wichita Technical Institute,Wichita,KS,,,18524,Unknown,,,,866
Alice Lloyd College,Pippa Passes,KY,14080,14080,17839,Less selective,85.57,,,528
Asbury University,Wilmore,KY,33640,33640,20428,Somewhat selective,64.06,,,1369
Ashland Community and Technical College,Ashland,KY,4656,6192,4907,Unknown,,,,1566
Bellarmine University,Louisville,KY,47180,47180,23587,Less selective,93.59,,,2286
Berea College,Berea,KY,49326,49326,4483,Selective,32.71,,,1472
PJ's College of Cosmetology-Bowling Green,Bowling Green,KY,,,20272,Unknown,,,,285
Southcentral Kentucky Community and Technical College,Bowling Green,KY,4656,6192,3794,Unknown,,,,2952
Brescia University,Owensboro,KY,30450,30450,14626,Selective,34.61,,,538
Campbellsville University,Campbellsville,KY,26990,26990,18246,Less selective,98.33,,,2641
Bluegrass Community and Technical College,Lexington,KY,4706,6242,5920,Unknown,,,,7713
Centre College,Danville,KY,50550,50550,21497,Somewhat selective,54.34,,,1346
Clear Creek Baptist Bible College,Pineville,KY,10120,10120,10255,Unknown,,,,132
Paul Mitchell the School-Lexington,Lexington,KY,,,22869,Unknown,,,,204
Galen College of Nursing-Louisville,Louisville,KY,,,,Unknown,,,,4184
University of the Cumberlands,Williamsburg,KY,9875,9875,11286,Somewhat selective,71.39,,,5468
Eastern Kentucky University,Richmond,KY,10130,20820,9962,Less selective,78.09,,,11674
Elizabethtown Community and Technical College,Elizabethtown,KY,4656,6192,5594,Unknown,,,,3775
Georgetown College,Georgetown,KY,42010,42010,13485,Somewhat selective,73.88,,,1180
Hazard Community and Technical College,Hazard,KY,4656,6192,3376,Unknown,,,,1404
Paul Mitchell the School-Louisville,Louisville,KY,,,26643,Unknown,,,,219
Henderson Community College,Henderson,KY,4656,6192,5063,Unknown,,,,876
Hopkinsville Community College,Hopkinsville,KY,4656,6192,3939,Unknown,,,,1498
Jefferson Community and Technical College,Louisville,KY,4706,6242,6058,Unknown,,,,7105
Summit Salon Academy-Lexington,Lexington,KY,,,13809,Unknown,,,,123
American National University-Pikeville,Pikeville,KY,11484,11484,16238,Unknown,,,,229
Kentucky State University,Frankfort,KY,9214,13260,8900,Less selective,92.55,,,1317
Kentucky Wesleyan College,Owensboro,KY,33393,33393,36431,Somewhat selective,67.0,,,794
University of Kentucky,Lexington,KY,13212,33406,17218,Less selective,92.38,,,23189
Kentucky Christian University,Grayson,KY,25000,25000,22139,Somewhat selective,62.38,,,438
Lindsey Wilson College,Columbia,KY,27274,27274,13811,Unknown,,,,1649
University of Louisville,Louisville,KY,12828,29174,17634,Less selective,80.54,,,14187
Madisonville Community College,Madisonville,KY,4656,6192,5782,Unknown,,,,1797
Maysville Community and Technical College,Maysville,KY,4656,6192,5577,Unknown,,,,2207
Midway University,Midway,KY,26080,26080,23863,Less selective,95.18,,,1250
Morehead State University,Morehead,KY,9838,14706,10089,Less selective,82.12,,,4689
Murray State University,Murray,KY,9708,19452,9121,Less selective,86.17,,,6646
Gateway Community and Technical College,Florence,KY,4656,6192,5897,Unknown,,,,2824
Northern Kentucky University,Highland Heights,KY,10896,21480,7168,Less selective,96.03,,,8065
West Kentucky Community and Technical College,Paducah,KY,4656,6192,5023,Unknown,,,,2810
University of Pikeville,Pikeville,KY,24150,24150,13591,Unknown,,,,1140
Big Sandy Community and Technical College,Prestonsburg,KY,4656,6192,4530,Unknown,,,,1590
Somerset Community College,Somerset,KY,4656,6192,3913,Unknown,,,,3899
Southeast Kentucky Community & Technical College,Cumberland,KY,4656,6192,3537,Unknown,,,,1680
The Southern Baptist Theological Seminary,Louisville,KY,13086,13086,,Less selective,96.89,,,844
Spalding University,Louisville,KY,27850,27850,24264,Less selective,98.64,,,597
Sullivan University,Louisville,KY,14220,14220,25785,Unknown,,,,2498
Thomas More University,Crestview Hills,KY,38400,38400,20701,Less selective,97.03,,,1305
Transylvania University,Lexington,KY,44980,44980,23560,Less selective,84.99,,,1014
Union College,Barbourville,KY,30946,30946,23906,Somewhat selective,55.04,,,736
Western Kentucky University,Bowling Green,KY,11436,27000,10916,Less selective,97.05,,,12267
Central Louisiana Technical Community College,Alexandria,LA,4099,4099,5497,Unknown,,,,1100
Ayers Career College,Shreveport,LA,,,17824,Unknown,,,,213
