unitid,applications,admitted,enrolled,acceptance_rate,sat_verbal_25,sat_verbal_75,sat_math_25,sat_math_75,sat_total_25,sat_total_75,act_composite_25,act_composite_75,act_english_25,act_english_75,act_math_25,act_math_75,selectivity_tier,test_policy,financial_aid_policy,gpa_average,data_completeness,name,city,state,tuition_in_state_usd,tuition_out_of_state_usd,avg_net_price_usd,selectivity_label,acceptance_rate_percent,accepted_per_year,applicants_total,student_body_size
211893,446.0,31.0,25.0,0.0695067264573991,,,,,,,,,,,,,Elite,Test-optional,Need-blind,3.884651045120991,0,,,,,,,,,,,
1000000,,1000.0,700.0,,,,,,1100.0,1350.0,24.0,29.0,,,,,Moderately Selective,Required,Need-blind,3.3129519477275466,1,Alabama A & M University,Normal,AL,10024.0,18634.0,14559.0,Somewhat selective,66.22,,,5726.0
1000001,,1000.0,700.0,,,,,,900.0,1200.0,19.0,26.0,,,,,Less Selective,Required,Need-blind,3.0612036012501345,1,University of Alabama at Birmingham,Birmingham,AL,8832.0,21864.0,17727.0,Less selective,88.42,,,12118.0
1000003,,1000.0,700.0,,,,,,1100.0,1350.0,24.0,29.0,,,,,Moderately Selective,Required,Need-blind,3.406434112744746,1,University of Alabama in Huntsville,Huntsville,AL,11770.0,24662.0,19880.0,Somewhat selective,74.25,,,6650.0
1000004,,1000.0,700.0,,,,,,900.0,1200.0,19.0,26.0,,,,,Less Selective,Required,Need-blind,3.216876273832005,1,Alabama State University,Montgomery,AL,11248.0,19576.0,13889.0,Less selective,95.64,,,3322.0
1000005,,1000.0,700.0,,,,,,900.0,1200.0,19.0,26.0,,,,,Less Selective,Required,Need-blind,3.5185552014839825,1,The University of Alabama,Tuscaloosa,AL,11900.0,33200.0,22150.0,Less selective,75.82,,,32323.0
1000008,,1000.0,700.0,,,,,,900.0,1200.0,19.0,26.0,,,,,Less Selective,Required,Need-blind,2.9421303269801538,1,Auburn University at Montgomery,Montgomery,AL,9436.0,20092.0,14596.0,Less selective,92.63,,,2693.0
1000009,,1000.0,700.0,,,,,,1100.0,1350.0,24.0,29.0,,,,,Moderately Selective,Required,Need-blind,3.644193770990485,1,Auburn University,Auburn,AL,12536.0,33944.0,23897.0,Somewhat selective,50.47,,,25732.0
1000010,,1000.0,700.0,,,,,,1100.0,1350.0,24.0,29.0,,,,,Moderately Selective,Required,Need-blind,3.3516090927404267,1,Birmingham-Southern College,Birmingham,AL,22750.0,22750.0,23351.0,Somewhat selective,51.94,,,713.0
1000014,,1000.0,700.0,,,,,,1100.0,1350.0,24.0,29.0,,,,,Moderately Selective,Required,Need-blind,3.598832718302687,1,Faulkner University,Montgomery,AL,23920.0,23920.0,21165.0,Somewhat selective,66.13,,,1555.0
1000019,,1000.0,700.0,,,,,,1100.0,1350.0,24.0,29.0,,,,,Moderately Selective,Required,Need-blind,3.3934971851746516,1,Huntingdon College,Montgomery,AL,28650.0,28650.0,21401.0,Somewhat selective,70.83,,,865.0
1000022,,1000.0,700.0,,,,,,900.0,1200.0,19.0,26.0,,,,,Less Selective,Required,Need-blind,3.0807544829400992,1,Jacksonville State University,Jacksonville,AL,12426.0,22716.0,14850.0,Less selective,76.22,,,7030.0
1000026,,1000.0,700.0,,,,,,900.0,1200.0,19.0,26.0,,,,,Less Selective,Required,Need-blind,3.405742390100359,1,University of West Alabama,Livingston,AL,10990.0,20090.0,13832.0,Less selective,87.11,,,2666.0
1000028,,1000.0,700.0,,,,,,1100.0,1350.0,24.0,29.0,,,,,Moderately Selective,Required,Need-blind,3.584689520239964,1,Marion Military Institute,Marion,AL,9538.0,15538.0,10137.0,Somewhat selective,59.17,,,308.0
1000030,,1000.0,700.0,,,,,,1100.0,1350.0,24.0,29.0,,,,,Moderately Selective,Required,Need-blind,3.456594408567563,1,University of Mobile,Mobile,AL,26120.0,26120.0,19603.0,Somewhat selective,72.51,,,1079.0
1000031,,1000.0,700.0,,,,,,1100.0,1350.0,24.0,29.0,,,,,Moderately Selective,Required,Need-blind,3.270207062890047,1,University of Montevallo,Montevallo,AL,13710.0,26730.0,17053.0,Somewhat selective,53.9,,,2087.0
1000033,,1000.0,700.0,,,,,,900.0,1200.0,19.0,26.0,,,,,Less Selective,Required,Need-blind,3.1542214088958094,1,University of North Alabama,Florence,AL,11990.0,22190.0,11024.0,Less selective,96.48,,,5468.0
1000035,,1000.0,700.0,,,,,,1100.0,1350.0,24.0,29.0,,,,,Moderately Selective,Required,Need-blind,3.9429162297558538,1,Oakwood University,Huntsville,AL,21838.0,21838.0,23384.0,Somewhat selective,50.51,,,1253.0
1000038,,1000.0,700.0,,,,,,900.0,1200.0,19.0,26.0,,,,,Less Selective,Required,Need-blind,3.2182404279440324,1,Samford University,Birmingham,AL,38144.0,38144.0,30795.0,Less selective,82.23,,,3828.0
1000041,,1000.0,700.0,,,,,,1100.0,1350.0,24.0,29.0,,,,,Moderately Selective,Required,Need-blind,3.6276358209313546,1,University of South Alabama,Mobile,AL,9676.0,18652.0,15142.0,Somewhat selective,65.49,,,8540.0
1000042,,1000.0,700.0,,,,,,1100.0,1350.0,24.0,29.0,,,,,Moderately Selective,Required,Need-blind,3.6414101956914164,1,Spring Hill College,Mobile,AL,23270.0,23270.0,19514.0,Somewhat selective,59.1,,,850.0
1000043,,1000.0,700.0,,,,,,1100.0,1350.0,24.0,29.0,,,,,Moderately Selective,Required,Need-blind,3.7493252664332886,1,Stillman College,Tuscaloosa,AL,11392.0,11392.0,12272.0,Somewhat selective,74.22,,,761.0
1000044,,1000.0,700.0,,,,,,900.0,1200.0,19.0,26.0,,,,,Less Selective,Required,Need-blind,2.8500065321715153,1,Talladega College,Talladega,AL,15650.0,15650.0,13461.0,Less selective,99.25,,,782.0
1000046,,1000.0,700.0,,,,,,900.0,1200.0,19.0,26.0,,,,,Less Selective,Required,Need-blind,3.12351575503926,1,Troy University,Troy,AL,9792.0,19584.0,13869.0,Less selective,92.61,,,10089.0
1000047,,1000.0,700.0,,,,,,1300.0,1480.0,29.0,33.0,,,,,Highly Selective,Required,Need-blind,3.628814394033777,1,Tuskegee University,Tuskegee,AL,23440.0,23440.0,32977.0,Selective,31.43,,,2367.0
1000048,,1000.0,700.0,,,,,,1300.0,1480.0,29.0,33.0,,,,,Highly Selective,Required,Need-blind,3.826460543756543,1,United States Sports Academy,Daphne,AL,18900.0,18900.0,18900.0,Selective,35.29,,,136.0
1000050,,1000.0,700.0,,,,,,1100.0,1350.0,24.0,29.0,,,,,Moderately Selective,Required,Need-blind,3.3765216052524285,1,University of Alaska Anchorage,Anchorage,AK,7566.0,21693.0,13780.0,Somewhat selective,66.52,,,6916.0
1000052,,1000.0,700.0,,,,,,1100.0,1350.0,24.0,29.0,,,,,Moderately Selective,Required,Need-blind,3.565152596501169,1,University of Alaska Southeast,Juneau,AK,6960.0,21096.0,7233.0,Somewhat selective,62.5,,,920.0
1000053,,1000.0,700.0,,,,,,900.0,1200.0,19.0,26.0,,,,,Less Selective,Required,Need-blind,2.9827859215400996,1,Alaska Pacific University,Anchorage,AK,20760.0,20760.0,18976.0,Less selective,86.21,,,400.0
1000059,,1000.0,700.0,,,,,,900.0,1200.0,19.0,26.0,,,,,Less Selective,Required,Need-blind,2.9037383494040845,1,Arizona State University Campus Immersion,Tempe,AZ,12051.0,32193.0,13670.0,Less selective,90.19,,,64398.0
1000061,,1000.0,700.0,,,,,,900.0,1200.0,19.0,26.0,,,,,Less Selective,Required,Need-blind,2.8435641721296867,1,University of Arizona,Tucson,AZ,13626.0,41095.0,15960.0,Less selective,85.66,,,40769.0
1000067,,1000.0,700.0,,,,,,1100.0,1350.0,24.0,29.0,,,,,Moderately Selective,Required,Need-blind,3.684714333295605,1,Grand Canyon University,Phoenix,AZ,17450.0,17450.0,21931.0,Somewhat selective,60.36,,,68619.0
1000073,,1000.0,700.0,,,,,,900.0,1200.0,19.0,26.0,,,,,Less Selective,Required,Need-blind,3.1711472559060487,1,Northern Arizona University,Flagstaff,AZ,12652.0,28900.0,14922.0,Less selective,90.95,,,23041.0
1000079,,1000.0,700.0,,,,,,900.0,1200.0,19.0,26.0,,,,,Less Selective,Required,Need-blind,3.5425187859122,1,Prescott College,Prescott,AZ,35685.0,35685.0,20906.0,Less selective,98.57,,,253.0
1000084,,1000.0,700.0,,,,,,1100.0,1350.0,24.0,29.0,,,,,Moderately Selective,Required,Need-blind,3.129019087552892,1,Arizona Christian University,Glendale,AZ,34697.0,34697.0,32383.0,Somewhat selective,74.42,,,1127.0
1000087,,1000.0,700.0,,,,,,1100.0,1350.0,24.0,29.0,,,,,Moderately Selective,Required,Need-blind,3.1881878104291537,1,University of Arkansas at Little Rock,Little Rock,AR,8455.0,19210.0,16136.0,Somewhat selective,57.74,,,4740.0
1000091,,1000.0,700.0,,,,,,1100.0,1350.0,24.0,29.0,,,,,Moderately Selective,Required,Need-blind,3.455845683185253,1,Lyon College,Batesville,AR,31000.0,31000.0,22670.0,Somewhat selective,65.54,,,563.0
1000093,,1000.0,700.0,,,,,,1100.0,1350.0,24.0,29.0,,,,,Moderately Selective,Required,Need-blind,3.4343313702829903,1,University of Arkansas,Fayetteville,AR,9748.0,28772.0,17525.0,Somewhat selective,71.67,,,27312.0
1000094,,1000.0,700.0,,,,,,1100.0,1350.0,24.0,29.0,,,,,Moderately Selective,Required,Need-blind,3.200888804060648,1,University of Arkansas at Pine Bluff,Pine Bluff,AR,9019.0,17029.0,11679.0,Somewhat selective,57.54,,,1899.0
1000096,,1000.0,700.0,,,,,,1100.0,1350.0,24.0,29.0,,,,,Moderately Selective,Required,Need-blind,3.580661884942139,1,Arkansas State University,Jonesboro,AR,7754.0,13826.0,13085.0,Somewhat selective,69.67,,,7994.0
1000097,,1000.0,700.0,,,,,,900.0,1200.0,19.0,26.0,,,,,Less Selective,Required,Need-blind,3.010535365876654,1,Arkansas Tech University,Russellville,AR,8508.0,14502.0,12171.0,Less selective,96.29,,,5993.0
1000099,,1000.0,700.0,,,,,,900.0,1200.0,19.0,26.0,,,,,Less Selective,Required,Need-blind,3.410955090918266,1,Baptist Health College Little Rock,Little Rock,AR,13593.0,13593.0,34755.0,Less selective,100.0,,,512.0
1000101,,1000.0,700.0,,,,,,900.0,1200.0,19.0,26.0,,,,,Less Selective,Required,Need-blind,3.463237515714669,1,University of Central Arkansas,Conway,AR,10118.0,17258.0,16775.0,Less selective,90.47,,,7426.0
1000102,,1000.0,700.0,,,,,,1300.0,1480.0,29.0,33.0,,,,,Highly Selective,Required,Need-blind,3.6290054061393358,1,Central Baptist College,Conway,AR,19680.0,19680.0,16664.0,Selective,46.36,,,477.0
1000109,,1000.0,700.0,,,,,,900.0,1200.0,19.0,26.0,,,,,Less Selective,Required,Need-blind,3.142224774803605,1,Harding University,Searcy,AR,24888.0,24888.0,20579.0,Less selective,100.0,,,3323.0
1000110,,1000.0,700.0,,,,,,900.0,1200.0,19.0,26.0,,,,,Less Selective,Required,Need-blind,3.064810217805016,1,Henderson State University,Arkadelphia,AR,7885.0,9882.0,16929.0,Less selective,81.92,,,1491.0
1000111,,1000.0,700.0,,,,,,1100.0,1350.0,24.0,29.0,,,,,Moderately Selective,Required,Need-blind,3.6908771556544453,1,Hendrix College,Conway,AR,36650.0,36650.0,23409.0,Somewhat selective,52.98,,,1094.0
1000112,,1000.0,700.0,,,,,,1100.0,1350.0,24.0,29.0,,,,,Moderately Selective,Required,Need-blind,3.388761443635354,1,John Brown University,Siloam Springs,AR,30832.0,30832.0,21144.0,Somewhat selective,67.64,,,1415.0
1000118,,1000.0,700.0,,,,,,1100.0,1350.0,24.0,29.0,,,,,Moderately Selective,Required,Need-blind,3.5799150203015158,1,Ouachita Baptist University,Arkadelphia,AR,32480.0,32480.0,22355.0,Somewhat selective,68.52,,,1612.0
1000121,,1000.0,700.0,,,,,,1100.0,1350.0,24.0,29.0,,,,,Moderately Selective,Required,Need-blind,3.4966760898557716,1,University of the Ozarks,Clarksville,AR,25950.0,25950.0,13630.0,Somewhat selective,58.14,,,753.0
1000122,,1000.0,700.0,,,,,,900.0,1200.0,19.0,26.0,,,,,Less Selective,Required,Need-blind,3.260054526544733,1,University of Arkansas Community College-Morrilton,Morrilton,AR,3504.0,4176.0,11718.0,Less selective,100.0,,,1538.0
1000131,,1000.0,700.0,,,,,,1100.0,1350.0,24.0,29.0,,,,,Moderately Selective,Required,Need-blind,3.0148270883008914,1,Williams Baptist University,Walnut Ridge,AR,20330.0,20330.0,15875.0,Somewhat selective,58.88,,,490.0
1000133,,1000.0,700.0,,,,,,1100.0,1350.0,24.0,29.0,,,,,Moderately Selective,Required,Need-blind,3.4063544888687596,1,Southern Arkansas University Main Campus,Magnolia,AR,9820.0,15400.0,15944.0,Somewhat selective,66.59,,,2865.0
1000135,,1000.0,700.0,,,,,,900.0,1200.0,19.0,26.0,,,,,Less Selective,Required,Need-blind,3.075977949956034,1,University of Arkansas-Fort Smith,Fort Smith,AR,6906.0,13770.0,10097.0,Less selective,81.47,,,4133.0
1000143,,1000.0,700.0,,,,,,1100.0,1350.0,24.0,29.0,,,,,Moderately Selective,Required,Need-blind,3.5998367576897015,1,Art Center College of Design,Pasadena,CA,51640.0,51640.0,50209.0,Somewhat selective,74.98,,,2054.0
1000145,,1000.0,700.0,,,,,,900.0,1200.0,19.0,26.0,,,,,Less Selective,Required,Need-blind,3.225249281828744,1,Azusa Pacific University,Azusa,CA,43600.0,43600.0,19798.0,Less selective,79.48,,,2977.0
1000150,,1000.0,700.0,,,,,,1100.0,1350.0,24.0,29.0,,,,,Moderately Selective,Required,Need-blind,3.5636631066351834,1,Biola University,La Mirada,CA,46704.0,46704.0,28101.0,Somewhat selective,60.08,,,3390.0
1000155,,1000.0,700.0,,,,,,1100.0,1350.0,24.0,29.0,,,,,Moderately Selective,Required,Need-blind,3.426021272696404,1,California Baptist University,Riverside,CA,39720.0,39720.0,27384.0,Somewhat selective,73.57,,,7914.0
1000156,,1000.0,700.0,,,,,,1100.0,1350.0,24.0,29.0,,,,,Moderately Selective,Required,Need-blind,3.604123100161458,1,California College of the Arts,San Francisco,CA,57946.0,57946.0,42168.0,Somewhat selective,73.4,,,1004.0
1000157,,1000.0,700.0,,,,,,1500.0,1580.0,34.0,36.0,,,,,Elite,Required,Need-blind,3.892636436767731,1,California Institute of Technology,Pasadena,CA,63255.0,63255.0,18902.0,Extremely selective,3.14,,,1023.0
1000158,,1000.0,700.0,,,,,,900.0,1200.0,19.0,26.0,,,,,Less Selective,Required,Need-blind,3.1228633927622966,1,California Lutheran University,Thousand Oaks,CA,50670.0,50670.0,26433.0,Less selective,88.88,,,2374.0
1000159,,1000.0,700.0,,,,,,1300.0,1480.0,29.0,33.0,,,,,Highly Selective,Required,Need-blind,3.6602591124966257,1,California Polytechnic State University-San Luis Obispo,San Luis Obispo,CA,11075.0,30995.0,15624.0,Selective,29.75,,,21521.0
1000160,,1000.0,700.0,,,,,,1500.0,1580.0,34.0,36.0,,,,,Elite,Required,Need-blind,3.9336951519959276,1,Alliant International University-San Diego,San Diego,CA,13918.0,13918.0,13918.0,Extremely selective,0.0,,,355.0
1000161,,1000.0,700.0,,,,,,900.0,1200.0,19.0,26.0,,,,,Less Selective,Required,Need-blind,3.0119398360423855,1,California State University-Bakersfield,Bakersfield,CA,7696.0,19576.0,5825.0,Less selective,88.19,,,8183.0
1000162,,1000.0,700.0,,,,,,900.0,1200.0,19.0,26.0,,,,,Less Selective,Required,Need-blind,3.301962648749914,1,California State University-Stanislaus,Turlock,CA,7826.0,19706.0,5671.0,Less selective,97.47,,,8564.0
1000163,,1000.0,700.0,,,,,,900.0,1200.0,19.0,26.0,,,,,Less Selective,Required,Need-blind,3.140205141591032,1,California State University-San Bernardino,San Bernardino,CA,7675.0,19555.0,5918.0,Less selective,98.25,,,15771.0
1000164,,1000.0,700.0,,,,,,1100.0,1350.0,24.0,29.0,,,,,Moderately Selective,Required,Need-blind,3.3447184663080285,1,California State Polytechnic University-Pomona,Pomona,CA,7439.0,19319.0,11580.0,Somewhat selective,73.7,,,24271.0
1000165,,1000.0,700.0,,,,,,900.0,1200.0,19.0,26.0,,,,,Less Selective,Required,Need-blind,3.4318502547485608,1,California State University-Chico,Chico,CA,8064.0,19944.0,14838.0,Less selective,93.72,,,13057.0
1000166,,1000.0,700.0,,,,,,900.0,1200.0,19.0,26.0,,,,,Less Selective,Required,Need-blind,3.4344308820599716,1,California State University-Dominguez Hills,Carson,CA,7064.0,18944.0,3659.0,Less selective,91.32,,,12642.0
1000167,,1000.0,700.0,,,,,,900.0,1200.0,19.0,26.0,,,,,Less Selective,Required,Need-blind,3.260221375667961,1,California State University-Fresno,Fresno,CA,6980.0,18860.0,6480.0,Less selective,96.38,,,21070.0
1000168,,1000.0,700.0,,,,,,900.0,1200.0,19.0,26.0,,,,,Less Selective,Required,Need-blind,3.2474251089666955,1,California State University-Fullerton,Fullerton,CA,7073.0,18953.0,5646.0,Less selective,86.74,,,36956.0
1000169,,1000.0,700.0,,,,,,900.0,1200.0,19.0,26.0,,,,,Less Selective,Required,Need-blind,3.332100468031834,1,California State University-East Bay,Hayward,CA,7055.0,18935.0,11276.0,Less selective,96.81,,,10422.0
1000170,,1000.0,700.0,,,,,,1300.0,1480.0,29.0,33.0,,,,,Highly Selective,Required,Need-blind,3.4914962852892746,1,California State University-Long Beach,Long Beach,CA,7008.0,18888.0,8931.0,Selective,47.12,,,34131.0
1000171,,1000.0,700.0,,,,,,900.0,1200.0,19.0,26.0,,,,,Less Selective,Required,Need-blind,2.549119616053654,1,California State University-Los Angeles,Los Angeles,CA,6813.0,18698.0,4113.0,Less selective,91.93,,,21478.0
1000172,,1000.0,700.0,,,,,,900.0,1200.0,19.0,26.0,,,,,Less Selective,Required,Need-blind,3.6407325201721807,1,California State University-Northridge,Northridge,CA,7095.0,18975.0,7599.0,Less selective,93.15,,,32357.0
1000173,,1000.0,700.0,,,,,,900.0,1200.0,19.0,26.0,,,,,Less Selective,Required,Need-blind,3.2823965868973213,1,California State University-Sacramento,Sacramento,CA,7602.0,19482.0,10512.0,Less selective,93.62,,,27867.0
1000174,,1000.0,700.0,,,,,,1400.0,1520.0,32.0,35.0,,,,,Elite,Required,Need-blind,3.9292875738187103,1,University of California-Berkeley,Berkeley,CA,14850.0,45627.0,14979.0,Very selective,11.66,,,33073.0
1000175,,1000.0,700.0,,,,,,1300.0,1480.0,29.0,33.0,,,,,Highly Selective,Required,Need-blind,3.696287840890819,1,University of California-Davis,Davis,CA,15247.0,46024.0,15288.0,Selective,41.63,,,31777.0
1000176,,1000.0,700.0,,,,,,1300.0,1480.0,29.0,33.0,,,,,Highly Selective,Required,Need-blind,3.794258955672459,1,University of California-Irvine,Irvine,CA,14237.0,45014.0,12840.0,Selective,25.57,,,29494.0
1000177,,1000.0,700.0,,,,,,1400.0,1520.0,32.0,35.0,,,,,Elite,Required,Need-blind,4.111876701618908,1,University of California-Los Angeles,Los Angeles,CA,13747.0,44524.0,14013.0,Extremely selective,8.73,,,33040.0
1000178,,1000.0,700.0,,,,,,1100.0,1350.0,24.0,29.0,,,,,Moderately Selective,Required,Need-blind,3.632696868811253,1,University of California-Riverside,Riverside,CA,14170.0,44947.0,13707.0,Somewhat selective,63.3,,,22644.0
1000179,,1000.0,700.0,,,,,,1400.0,1520.0,32.0,35.0,,,,,Elite,Required,Need-blind,3.7430942415356294,1,University of California-San Diego,La Jolla,CA,15265.0,46042.0,11750.0,Very selective,24.52,,,33787.0
1000180,,1000.0,700.0,,,,,,1300.0,1480.0,29.0,33.0,,,,,Highly Selective,Required,Need-blind,3.513459257907487,1,University of California-Santa Barbara,Santa Barbara,CA,14965.0,45742.0,13825.0,Selective,27.78,,,23205.0
1000181,,1000.0,700.0,,,,,,1100.0,1350.0,24.0,29.0,,,,,Moderately Selective,Required,Need-blind,3.3897496539222742,1,University of California-Santa Cruz,Santa Cruz,CA,14560.0,45337.0,16607.0,Somewhat selective,62.54,,,17812.0
1000183,,1000.0,700.0,,,,,,1300.0,1480.0,29.0,33.0,,,,,Highly Selective,Required,Need-blind,3.579267628191236,1,California Institute of the Arts,Valencia,CA,56724.0,56724.0,47183.0,Selective,25.95,,,881.0
1000184,,1000.0,700.0,,,,,,900.0,1200.0,19.0,26.0,,,,,Less Selective,Required,Need-blind,3.676003607744793,1,California State University Maritime Academy,Vallejo,CA,7672.0,19552.0,17555.0,Less selective,98.73,,,761.0
1000188,,1000.0,700.0,,,,,,1300.0,1480.0,29.0,33.0,,,,,Highly Selective,Required,Need-blind,4.004583358541792,1,Casa Loma College-Los Angeles,Sherman Oaks,CA,,,27721.0,Selective,36.41,,,581.0
1000194,,1000.0,700.0,,,,,,1100.0,1350.0,24.0,29.0,,,,,Moderately Selective,Required,Need-blind,3.4828049324572024,1,Chapman University,Orange,CA,62784.0,62784.0,47527.0,Somewhat selective,55.61,,,7629.0
1000195,,1000.0,700.0,,,,,,1300.0,1480.0,29.0,33.0,,,,,Highly Selective,Required,Need-blind,3.532260300460379,1,Charles R Drew University of Medicine and Science,Los Angeles,CA,18933.0,18933.0,27789.0,Selective,38.78,,,233.0
1000196,,1000.0,700.0,,,,,,1100.0,1350.0,24.0,29.0,,,,,Moderately Selective,Required,Need-blind,2.9842342603461365,1,Concordia University-Irvine,Irvine,CA,41390.0,41390.0,28046.0,Somewhat selective,59.86,,,1456.0
1000200,,1000.0,700.0,,,,,,1400.0,1520.0,32.0,35.0,,,,,Elite,Required,Need-blind,4.085741398581606,1,Claremont McKenna College,Claremont,CA,64150.0,64150.0,27384.0,Very selective,11.12,,,1379.0
1000204,,1000.0,700.0,,,,,,1100.0,1350.0,24.0,29.0,,,,,Moderately Selective,Required,Need-blind,3.3632618929219347,1,University of Silicon Valley,San Jose,CA,22480.0,22480.0,30799.0,Somewhat selective,51.31,,,377.0
1000219,,1000.0,700.0,,,,,,900.0,1200.0,19.0,26.0,,,,,Less Selective,Required,Need-blind,3.1131100222526205,1,Dominican University of California,San Rafael,CA,50666.0,50666.0,50218.0,Less selective,95.62,,,1178.0
1000223,,1000.0,700.0,,,,,,1300.0,1480.0,29.0,33.0,,,,,Highly Selective,Required,Need-blind,3.902198894901338,1,FIDM-Fashion Institute of Design & Merchandising,Los Angeles,CA,34325.0,34325.0,41493.0,Selective,41.5,,,1319.0
1000228,,1000.0,700.0,,,,,,1100.0,1350.0,24.0,29.0,,,,,Moderately Selective,Required,Need-blind,3.6237283288210285,1,Fresno Pacific University,Fresno,CA,35558.0,35558.0,14317.0,Somewhat selective,57.52,,,1614.0
1000239,,1000.0,700.0,,,,,,1400.0,1520.0,32.0,35.0,,,,,Elite,Required,Need-blind,3.865743380140902,1,Harvey Mudd College,Claremont,CA,66255.0,66255.0,32492.0,Very selective,13.06,,,915.0
1000240,,1000.0,700.0,,,,,,900.0,1200.0,19.0,26.0,,,,,Less Selective,Required,Need-blind,3.3901843172108883,1,California State Polytechnic University-Humboldt,Arcata,CA,7913.0,19793.0,13167.0,Less selective,98.83,,,5491.0
1000248,,1000.0,700.0,,,,,,900.0,1200.0,19.0,26.0,,,,,Less Selective,Required,Need-blind,2.8417632661628067,1,Life Pacific University,San Dimas,CA,20462.0,20462.0,22343.0,Less selective,93.95,,,393.0
1000249,,1000.0,700.0,,,,,,1300.0,1480.0,29.0,33.0,,,,,Highly Selective,Required,Need-blind,3.777300252176087,1,University of La Verne,La Verne,CA,47000.0,47000.0,26925.0,Selective,48.48,,,3341.0
1000250,,1000.0,700.0,,,,,,900.0,1200.0,19.0,26.0,,,,,Less Selective,Required,Need-blind,3.5288411408899343,1,Laguna College of Art and Design,Laguna Beach,CA,35650.0,35650.0,42354.0,Less selective,77.61,,,776.0
1000256,,1000.0,700.0,,,,,,900.0,1200.0,19.0,26.0,,,,,Less Selective,Required,Need-blind,3.219557135305017,1,La Sierra University,Riverside,CA,35910.0,35910.0,26217.0,Less selective,93.3,,,1155.0
1000265,,1000.0,700.0,,,,,,900.0,1200.0,19.0,26.0,,,,,Less Selective,Required,Need-blind,3.158410706786027,1,The Master's University and Seminary,Santa Clarita,CA,36930.0,36930.0,32121.0,Less selective,75.89,,,1606.0
1000270,,1000.0,700.0,,,,,,1300.0,1480.0,29.0,33.0,,,,,Highly Selective,Required,Need-blind,3.725616768387566,1,Loyola Marymount University,Los Angeles,CA,58974.0,58974.0,45723.0,Selective,40.29,,,7171.0
1000273,,1000.0,700.0,,,,,,900.0,1200.0,19.0,26.0,,,,,Less Selective,Required,Need-blind,2.989848912220342,1,MTI College,Sacramento,CA,,,20336.0,Less selective,81.93,,,1025.0
1000276,,1000.0,700.0,,,,,,1100.0,1350.0,24.0,29.0,,,,,Moderately Selective,Required,Need-blind,3.691789505292774,1,Menlo College,Atherton,CA,51070.0,51070.0,27032.0,Somewhat selective,67.81,,,811.0
1000286,,1000.0,700.0,,,,,,1100.0,1350.0,24.0,29.0,,,,,Moderately Selective,Required,Need-blind,3.3888041977202326,1,Mount Saint Mary's University,Los Angeles,CA,48132.0,48132.0,25009.0,Somewhat selective,68.72,,,1746.0
1000288,,1000.0,700.0,,,,,,1100.0,1350.0,24.0,29.0,,,,,Moderately Selective,Required,Need-blind,3.7358360199254834,1,Musicians Institute,Hollywood,CA,28400.0,28400.0,37793.0,Somewhat selective,71.29,,,735.0
1000292,,1000.0,700.0,,,,,,900.0,1200.0,19.0,26.0,,,,,Less Selective,Required,Need-blind,3.20160066232136,1,Newschool of Architecture and Design,San Diego,CA,30291.0,30291.0,48616.0,Less selective,100.0,,,212.0
1000297,,1000.0,700.0,,,,,,1300.0,1480.0,29.0,33.0,,,,,Highly Selective,Required,Need-blind,3.6577655269045426,1,Occidental College,Los Angeles,CA,63446.0,63446.0,39329.0,Selective,39.89,,,1844.0
1000300,,1000.0,700.0,,,,,,900.0,1200.0,19.0,26.0,,,,,Less Selective,Required,Need-blind,3.1276777907980167,1,Otis College of Art and Design,Los Angeles,CA,55513.0,55513.0,45864.0,Less selective,83.98,,,1242.0
1000302,,1000.0,700.0,,,,,,1300.0,1480.0,29.0,33.0,,,,,Highly Selective,Required,Need-blind,3.731329090654544,1,Hope International University,Fullerton,CA,36250.0,36250.0,27653.0,Selective,35.39,,,549.0
1000303,,1000.0,700.0,,,,,,900.0,1200.0,19.0,26.0,,,,,Less Selective,Required,Need-blind,2.850975692880427,1,Concorde Career College-San Diego,San Diego,CA,,,24477.0,Less selective,93.95,,,178.0
1000304,,1000.0,700.0,,,,,,1400.0,1520.0,32.0,35.0,,,,,Elite,Required,Need-blind,3.9976156139674606,1,Pacific Oaks College,Pasadena,CA,33360.0,33360.0,33360.0,Very selective,10.0,,,346.0
1000305,,1000.0,700.0,,,,,,1300.0,1480.0,29.0,33.0,,,,,Highly Selective,Required,Need-blind,3.364139860604223,1,Pacific Union College,Angwin,CA,35214.0,35214.0,20979.0,Selective,42.48,,,910.0
1000306,,1000.0,700.0,,,,,,900.0,1200.0,19.0,26.0,,,,,Less Selective,Required,Need-blind,2.9063705814914056,1,University of the Pacific,Stockton,CA,55340.0,55340.0,25926.0,Less selective,94.86,,,3247.0
1000310,,1000.0,700.0,,,,,,1300.0,1480.0,29.0,33.0,,,,,Highly Selective,Required,Need-blind,3.5769263753005722,1,Pepperdine University,Malibu,CA,66742.0,66742.0,45409.0,Selective,49.85,,,3629.0
1000311,,1000.0,700.0,,,,,,1400.0,1520.0,32.0,35.0,,,,,Elite,Required,Need-blind,3.7542213643213582,1,Pitzer College,Claremont,CA,62692.0,62692.0,31663.0,Very selective,16.66,,,1191.0
1000312,,1000.0,700.0,,,,,,900.0,1200.0,19.0,26.0,,,,,Less Selective,Required,Need-blind,3.2823162353083886,1,Point Loma Nazarene University,San Diego,CA,43550.0,43550.0,50168.0,Less selective,81.76,,,3132.0
1000313,,1000.0,700.0,,,,,,1400.0,1520.0,32.0,35.0,,,,,Elite,Required,Need-blind,4.043400045966225,1,Pomona College,Claremont,CA,62326.0,62326.0,19424.0,Extremely selective,6.76,,,1638.0
1000317,,1000.0,700.0,,,,,,900.0,1200.0,19.0,26.0,,,,,Less Selective,Required,Need-blind,3.115343120553232,1,University of Redlands,Redlands,CA,57614.0,57614.0,22867.0,Less selective,80.92,,,2095.0
1000329,,1000.0,700.0,,,,,,1300.0,1480.0,29.0,33.0,,,,,Highly Selective,Required,Need-blind,3.693176609616715,1,San Diego State University,San Diego,CA,8290.0,20170.0,16174.0,Selective,34.44,,,33654.0
1000330,,1000.0,700.0,,,,,,1300.0,1480.0,29.0,33.0,,,,,Highly Selective,Required,Need-blind,3.7937278098118816,1,University of San Diego,San Diego,CA,56444.0,56444.0,31265.0,Selective,46.75,,,5619.0
1000331,,1000.0,700.0,,,,,,1100.0,1350.0,24.0,29.0,,,,,Moderately Selective,Required,Need-blind,3.9335673642619544,1,San Francisco Conservatory of Music,San Francisco,CA,54550.0,54550.0,42448.0,Somewhat selective,51.94,,,215.0
1000332,,1000.0,700.0,,,,,,900.0,1200.0,19.0,26.0,,,,,Less Selective,Required,Need-blind,3.1601687663216147,1,San Francisco State University,San Francisco,CA,7424.0,19304.0,12882.0,Less selective,96.15,,,20033.0
1000333,,1000.0,700.0,,,,,,1100.0,1350.0,24.0,29.0,,,,,Moderately Selective,Required,Need-blind,3.3156875869704856,1,University of San Francisco,San Francisco,CA,58222.0,58222.0,39495.0,Somewhat selective,50.77,,,5697.0
1000336,,1000.0,700.0,,,,,,900.0,1200.0,19.0,26.0,,,,,Less Selective,Required,Need-blind,3.1370060796421706,1,William Jessup University,Rocklin,CA,37150.0,37150.0,25300.0,Less selective,76.82,,,1021.0
1000338,,1000.0,700.0,,,,,,900.0,1200.0,19.0,26.0,,,,,Less Selective,Required,Need-blind,3.272624437499153,1,San Jose State University,San Jose,CA,7992.0,19872.0,13741.0,Less selective,80.23,,,26757.0
1000341,,1000.0,700.0,,,,,,1300.0,1480.0,29.0,33.0,,,,,Highly Selective,Required,Need-blind,3.5757868495204166,1,Santa Clara University,Santa Clara,CA,59241.0,59241.0,50959.0,Selective,43.84,,,6235.0
1000344,,1000.0,700.0,,,,,,1300.0,1480.0,29.0,33.0,,,,,Highly Selective,Required,Need-blind,3.814132954154096,1,Scripps College,Claremont,CA,63434.0,63434.0,38802.0,Selective,33.94,,,1077.0
1000349,,1000.0,700.0,,,,,,900.0,1200.0,19.0,26.0,,,,,Less Selective,Required,Need-blind,3.0814652990032116,1,Simpson University,Redding,CA,38522.0,38522.0,27923.0,Less selective,99.03,,,751.0
1000353,,1000.0,700.0,,,,,,900.0,1200.0,19.0,26.0,,,,,Less Selective,Required,Need-blind,2.907767402585621,1,Saint Mary's College of California,Moraga,CA,56134.0,56134.0,31198.0,Less selective,88.58,,,2024.0
1000355,,1000.0,700.0,,,,,,900.0,1200.0,19.0,26.0,,,,,Less Selective,Required,Need-blind,2.679757150256302,1,Sonoma State University,Rohnert Park,CA,8190.0,20070.0,13801.0,Less selective,94.73,,,5374.0
1000357,,1000.0,700.0,,,,,,1100.0,1350.0,24.0,29.0,,,,,Moderately Selective,Required,Need-blind,3.44244316805655,1,Vanguard University of Southern California,Costa Mesa,CA,39950.0,39950.0,19761.0,Somewhat selective,64.7,,,1975.0
1000358,,1000.0,700.0,,,,,,900.0,1200.0,19.0,26.0,,,,,Less Selective,Required,Need-blind,3.210483236567514,1,Concorde Career College-Garden Grove,Garden Grove,CA,,,22610.0,Less selective,95.93,,,202.0
1000360,,1000.0,700.0,,,,,,900.0,1200.0,19.0,26.0,,,,,Less Selective,Required,Need-blind,2.72646716554388,1,Southern California Institute of Architecture,Los Angeles,CA,53564.0,53564.0,37535.0,Less selective,82.67,,,236.0
1000361,,1000.0,700.0,,,,,,1400.0,1520.0,32.0,35.0,,,,,Elite,Required,Need-blind,3.8556827400042,1,University of Southern California,Los Angeles,CA,68237.0,68237.0,31927.0,Very selective,10.02,,,20817.0
1000363,,1000.0,700.0,,,,,,900.0,1200.0,19.0,26.0,,,,,Less Selective,Required,Need-blind,3.2526996687598473,1,Thomas Aquinas College,Santa Paula,CA,28700.0,28700.0,25032.0,Less selective,78.71,,,539.0
1000365,,1000.0,700.0,,,,,,900.0,1200.0,19.0,26.0,,,,,Less Selective,Required,Need-blind,3.167789709672754,1,Concorde Career College-San Bernardino,San Bernardino,CA,,,23161.0,Less selective,98.1,,,260.0
1000366,,1000.0,700.0,,,,,,900.0,1200.0,19.0,26.0,,,,,Less Selective,Required,Need-blind,3.503032467283001,1,Concorde Career College-North Hollywood,North Hollywood,CA,,,23584.0,Less selective,99.02,,,143.0
1000375,,1000.0,700.0,,,,,,900.0,1200.0,19.0,26.0,,,,,Less Selective,Required,Need-blind,3.38493461637947,1,Westmont College,Santa Barbara,CA,51790.0,51790.0,32926.0,Less selective,79.86,,,1310.0
1000376,,1000.0,700.0,,,,,,900.0,1200.0,19.0,26.0,,,,,Less Selective,Required,Need-blind,3.2690876437569076,1,Whittier College,Whittier,CA,49864.0,49864.0,29871.0,Less selective,85.38,,,812.0
1000377,,1000.0,700.0,,,,,,1100.0,1350.0,24.0,29.0,,,,,Moderately Selective,Required,Need-blind,3.7130716646830364,1,Woodbury University,Burbank,CA,44886.0,44886.0,28248.0,Somewhat selective,72.87,,,825.0
1000378,,1000.0,700.0,,,,,,1100.0,1350.0,24.0,29.0,,,,,Moderately Selective,Required,Need-blind,3.312001304952823,1,Yeshiva Ohr Elchonon Chabad West Coast Talmudical Seminary,Los Angeles,CA,16900.0,16900.0,12258.0,Somewhat selective,61.68,,,157.0
1000383,,1000.0,700.0,,,,,,1100.0,1350.0,24.0,29.0,,,,,Moderately Selective,Required,Need-blind,3.4697012318236986,1,Bel-Rea Institute of Animal Technology,Denver,CO,13819.0,13819.0,24961.0,Somewhat selective,59.42,,,161.0
1000384,,1000.0,700.0,,,,,,900.0,1200.0,19.0,26.0,,,,,Less Selective,Required,Need-blind,3.1153353854623873,1,University of Colorado Denver/Anschutz Medical Campus,Denver,CO,10017.0,28209.0,19133.0,Less selective,77.81,,,10686.0
1000385,,1000.0,700.0,,,,,,900.0,1200.0,19.0,26.0,,,,,Less Selective,Required,Need-blind,3.314320471496482,1,University of Colorado Colorado Springs,Colorado Springs,CO,9712.0,20492.0,16431.0,Less selective,96.57,,,8870.0
1000387,,1000.0,700.0,,,,,,900.0,1200.0,19.0,26.0,,,,,Less Selective,Required,Need-blind,3.2071939297360603,1,University of Colorado Boulder,Boulder,CO,16430.0,41943.0,21480.0,Less selective,83.28,,,31578.0
1000389,,1000.0,700.0,,,,,,1400.0,1520.0,32.0,35.0,,,,,Elite,Required,Need-blind,3.928478013966261,1,Colorado College,Colorado Springs,CO,67932.0,67932.0,31678.0,Very selective,20.03,,,2139.0
1000390,,1000.0,700.0,,,,,,900.0,1200.0,19.0,26.0,,,,,Less Selective,Required,Need-blind,3.3074514513410254,1,Concorde Career College-Aurora,Aurora,CO,,,16547.0,Less selective,100.0,,,196.0
1000393,,1000.0,700.0,,,,,,1100.0,1350.0,24.0,29.0,,,,,Moderately Selective,Required,Need-blind,3.6491722552433368,1,Colorado School of Mines,Golden,CO,21186.0,44376.0,29240.0,Somewhat selective,59.71,,,5801.0
1000394,,1000.0,700.0,,,,,,900.0,1200.0,19.0,26.0,,,,,Less Selective,Required,Need-blind,2.8201282479692864,1,Colorado School of Trades,Lakewood,CO,,,22635.0,Less selective,76.92,,,108.0
1000395,,1000.0,700.0,,,,,,900.0,1200.0,19.0,26.0,,,,,Less Selective,Required,Need-blind,3.2555872305289775,1,Colorado State University-Fort Collins,Fort Collins,CO,12896.0,33751.0,20332.0,Less selective,89.59,,,25148.0
1000400,,1000.0,700.0,,,,,,1100.0,1350.0,24.0,29.0,,,,,Moderately Selective,Required,Need-blind,3.387161785029329,1,University of Denver,Denver,CO,59340.0,59340.0,36037.0,Somewhat selective,71.19,,,6059.0
1000402,,1000.0,700.0,,,,,,900.0,1200.0,19.0,26.0,,,,,Less Selective,Required,Need-blind,2.6006402366414867,1,Fort Lewis College,Durango,CO,9670.0,20798.0,17339.0,Less selective,93.2,,,3070.0
1000406,,1000.0,700.0,,,,,,900.0,1200.0,19.0,26.0,,,,,Less Selective,Required,Need-blind,3.1826722186085683,1,Colorado Mesa University,Grand Junction,CO,9712.0,24312.0,15331.0,Less selective,81.39,,,7604.0
1000407,,1000.0,700.0,,,,,,900.0,1200.0,19.0,26.0,,,,,Less Selective,Required,Need-blind,2.885145382172381,1,Metropolitan State University of Denver,Denver,CO,10780.0,29503.0,14294.0,Less selective,99.14,,,14932.0
1000409,,1000.0,700.0,,,,,,900.0,1200.0,19.0,26.0,,,,,Less Selective,Required,Need-blind,3.184607247891145,1,Naropa University,Boulder,CO,34600.0,34600.0,28862.0,Less selective,94.0,,,368.0
1000412,,1000.0,700.0,,,,,,900.0,1200.0,19.0,26.0,,,,,Less Selective,Required,Need-blind,3.3570081281715387,1,University of Northern Colorado,Greeley,CO,12010.0,26204.0,18457.0,Less selective,86.43,,,5693.0
1000417,,1000.0,700.0,,,,,,900.0,1200.0,19.0,26.0,,,,,Less Selective,Required,Need-blind,3.4433383423479116,1,Regis University,Denver,CO,43980.0,43980.0,22689.0,Less selective,87.27,,,2599.0
1000419,,1000.0,700.0,,,,,,900.0,1200.0,19.0,26.0,,,,,Less Selective,Required,Need-blind,3.151487536844306,1,Colorado State University Pueblo,Pueblo,CO,9401.0,17242.0,12948.0,Less selective,99.84,,,3028.0
1000424,,1000.0,700.0,,,,,,1400.0,1520.0,32.0,35.0,,,,,Elite,Required,Need-blind,4.050180176602069,1,United States Air Force Academy,USAF Academy,CO,,,,Very selective,13.93,,,4124.0
1000425,,1000.0,700.0,,,,,,900.0,1200.0,19.0,26.0,,,,,Less Selective,Required,Need-blind,3.544755906040734,1,Western Colorado University,Gunnison,CO,11083.0,23683.0,16773.0,Less selective,97.47,,,1653.0
1000426,,1000.0,700.0,,,,,,1100.0,1350.0,24.0,29.0,,,,,Moderately Selective,Required,Need-blind,3.5797080101735874,1,Albertus Magnus College,New Haven,CT,39924.0,39924.0,32681.0,Somewhat selective,64.37,,,882.0
1000427,,1000.0,700.0,,,,,,1100.0,1350.0,24.0,29.0,,,,,Moderately Selective,Required,Need-blind,3.603901399711269,1,University of Bridgeport,Bridgeport,CT,35760.0,35760.0,24786.0,Somewhat selective,64.31,,,1450.0
1000428,,1000.0,700.0,,,,,,900.0,1200.0,19.0,26.0,,,,,Less Selective,Required,Need-blind,3.2874746503264793,1,Central Connecticut State University,New Britain,CT,12460.0,25736.0,16435.0,Less selective,75.53,,,7670.0
1000431,,1000.0,700.0,,,,,,1300.0,1480.0,29.0,33.0,,,,,Highly Selective,Required,Need-blind,3.8960448811110493,1,Connecticut College,New London,CT,64812.0,64812.0,33998.0,Selective,38.28,,,1960.0
1000433,,1000.0,700.0,,,,,,1100.0,1350.0,24.0,29.0,,,,,Moderately Selective,Required,Need-blind,3.662496442415718,1,University of Connecticut,Storrs,CT,20366.0,43034.0,22886.0,Somewhat selective,53.95,,,19147.0
1000435,,1000.0,700.0,,,,,,900.0,1200.0,19.0,26.0,,,,,Less Selective,Required,Need-blind,3.659452326552734,1,Eastern Connecticut State University,Willimantic,CT,13292.0,16624.0,20480.0,Less selective,80.55,,,3377.0
1000436,,1000.0,700.0,,,,,,1300.0,1480.0,29.0,33.0,,,,,Highly Selective,Required,Need-blind,3.445915514524292,1,Fairfield University,Fairfield,CT,56360.0,56360.0,46274.0,Selective,44.98,,,4938.0
1000440,,1000.0,700.0,,,,,,900.0,1200.0,19.0,26.0,,,,,Less Selective,Required,Need-blind,3.083825266637387,1,University of Hartford,West Hartford,CT,47647.0,47647.0,29558.0,Less selective,83.01,,,4032.0
1000442,,1000.0,700.0,,,,,,1100.0,1350.0,24.0,29.0,,,,,Moderately Selective,Required,Need-blind,3.7350341345869174,1,Mitchell College,New London,CT,39050.0,39050.0,30841.0,Somewhat selective,73.36,,,421.0
1000445,,1000.0,700.0,,,,,,900.0,1200.0,19.0,26.0,,,,,Less Selective,Required,Need-blind,3.0247910863525744,1,University of New Haven,West Haven,CT,45730.0,45730.0,34089.0,Less selective,80.55,,,4799.0
1000446,,1000.0,700.0,,,,,,1100.0,1350.0,24.0,29.0,,,,,Moderately Selective,Required,Need-blind,3.3400407385626965,1,Paier College,Bridgeport,CT,26400.0,26400.0,30982.0,Somewhat selective,61.54,,,183.0
1000449,,1000.0,700.0,,,,,,900.0,1200.0,19.0,26.0,,,,,Less Selective,Required,Need-blind,3.512860233905627,1,Quinnipiac University,Hamden,CT,53090.0,53090.0,39207.0,Less selective,77.0,,,6208.0
1000450,,1000.0,700.0,,,,,,1100.0,1350.0,24.0,29.0,,,,,Moderately Selective,Required,Need-blind,3.5596986625513787,1,Sacred Heart University,Fairfield,CT,48460.0,48460.0,45459.0,Somewhat selective,67.68,,,6904.0
1000451,,1000.0,700.0,,,,,,900.0,1200.0,19.0,26.0,,,,,Less Selective,Required,Need-blind,3.496964666654249,1,University of Saint Joseph,West Hartford,CT,45908.0,45908.0,27375.0,Less selective,79.64,,,825.0
1000452,,1000.0,700.0,,,,,,900.0,1200.0,19.0,26.0,,,,,Less Selective,Required,Need-blind,3.282985909833446,1,Southern Connecticut State University,New Haven,CT,12828.0,26104.0,20877.0,Less selective,81.12,,,6180.0
1000453,,1000.0,700.0,,,,,,1300.0,1480.0,29.0,33.0,,,,,Highly Selective,Required,Need-blind,3.709730704500778,1,Trinity College,Hartford,CT,67420.0,67420.0,35009.0,Selective,33.52,,,2193.0
1000454,,1000.0,700.0,,,,,,1400.0,1520.0,32.0,35.0,,,,,Elite,Required,Need-blind,3.898249157234256,1,United States Coast Guard Academy,New London,CT,,,,Very selective,24.32,,,1081.0
1000455,,1000.0,700.0,,,,,,1400.0,1520.0,32.0,35.0,,,,,Elite,Required,Need-blind,3.856105553063988,1,Wesleyan University,Middletown,CT,67316.0,67316.0,27888.0,Very selective,17.1,,,2973.0
1000456,,1000.0,700.0,,,,,,900.0,1200.0,19.0,26.0,,,,,Less Selective,Required,Need-blind,3.331232856106634,1,Western Connecticut State University,Danbury,CT,12763.0,16095.0,18617.0,Less selective,81.36,,,3434.0
1000457,,1000.0,700.0,,,,,,1500.0,1580.0,34.0,36.0,,,,,Elite,Required,Need-blind,3.9881477541225294,1,Yale University,New Haven,CT,64700.0,64700.0,27818.0,Extremely selective,4.5,,,6811.0
1000460,,1000.0,700.0,,,,,,1100.0,1350.0,24.0,29.0,,,,,Moderately Selective,Required,Need-blind,3.5061864481591476,1,Delaware State University,Dover,DE,10314.0,20250.0,15745.0,Somewhat selective,61.67,,,4630.0
1000461,,1000.0,700.0,,,,,,1100.0,1350.0,24.0,29.0,,,,,Moderately Selective,Required,Need-blind,4.0042852425509015,1,University of Delaware,Newark,DE,16080.0,39720.0,16931.0,Somewhat selective,65.11,,,18812.0
1000462,,1000.0,700.0,,,,,,900.0,1200.0,19.0,26.0,,,,,Less Selective,Required,Need-blind,3.397436296268672,1,Goldey-Beacom College,Wilmington,DE,13440.0,13440.0,16957.0,Less selective,76.53,,,634.0
1000465,,1000.0,700.0,,,,,,1300.0,1480.0,29.0,33.0,,,,,Highly Selective,Required,Need-blind,3.558119621389087,1,American University,Washington,DC,56543.0,56543.0,41945.0,Selective,47.38,,,7593.0
1000466,,1000.0,700.0,,,,,,900.0,1200.0,19.0,26.0,,,,,Less Selective,Required,Need-blind,3.0990840852649906,1,The Catholic University of America,Washington,DC,55834.0,55834.0,32798.0,Less selective,83.84,,,3063.0
1000468,,1000.0,700.0,,,,,,1100.0,1350.0,24.0,29.0,,,,,Moderately Selective,Required,Need-blind,3.832374741470255,1,Gallaudet University,Washington,DC,18382.0,18382.0,14085.0,Somewhat selective,60.94,,,879.0
1000469,,1000.0,700.0,,,,,,1300.0,1480.0,29.0,33.0,,,,,Highly Selective,Required,Need-blind,3.6903205981067004,1,George Washington University,Washington,DC,64990.0,64990.0,37454.0,Selective,43.54,,,10848.0
1000470,,1000.0,700.0,,,,,,1400.0,1520.0,32.0,35.0,,,,,Elite,Required,Need-blind,3.7865136077658494,1,Georgetown University,Washington,DC,65081.0,65081.0,39433.0,Very selective,13.08,,,7462.0
1000471,,1000.0,700.0,,,,,,1300.0,1480.0,29.0,33.0,,,,,Highly Selective,Required,Need-blind,3.8211556564665417,1,Howard University,Washington,DC,33344.0,33344.0,47919.0,Selective,34.89,,,9604.0
1000473,,1000.0,700.0,,,,,,900.0,1200.0,19.0,26.0,,,,,Less Selective,Required,Need-blind,2.9857778663832995,1,Trinity Washington University,Washington,DC,26110.0,26110.0,12233.0,Less selective,99.19,,,1415.0
1000475,,1000.0,700.0,,,,,,1100.0,1350.0,24.0,29.0,,,,,Moderately Selective,Required,Need-blind,3.4306847735220285,1,Baptist University of Florida,Graceville,FL,13800.0,13800.0,8829.0,Somewhat selective,64.1,,,248.0
1000476,,1000.0,700.0,,,,,,1100.0,1350.0,24.0,29.0,,,,,Moderately Selective,Required,Need-blind,3.2872649424739464,1,Barry University,Miami,FL,33450.0,33450.0,22978.0,Somewhat selective,59.07,,,2245.0
1000477,,1000.0,700.0,,,,,,900.0,1200.0,19.0,26.0,,,,,Less Selective,Required,Need-blind,3.4315264654915043,1,Bethune-Cookman University,Daytona Beach,FL,14794.0,14794.0,14892.0,Less selective,99.85,,,2414.0
1000478,,1000.0,700.0,,,,,,1100.0,1350.0,24.0,29.0,,,,,Moderately Selective,Required,Need-blind,3.5752302096507127,1,Lynn University,Boca Raton,FL,42950.0,42950.0,38222.0,Somewhat selective,73.95,,,2820.0
1000482,,1000.0,700.0,,,,,,1300.0,1480.0,29.0,33.0,,,,,Highly Selective,Required,Need-blind,3.7921608106619753,1,University of Central Florida,Orlando,FL,6368.0,22467.0,10650.0,Selective,39.52,,,59095.0
1000487,,1000.0,700.0,,,,,,900.0,1200.0,19.0,26.0,,,,,Less Selective,Required,Need-blind,2.5311285055507557,1,Eckerd College,Saint Petersburg,FL,50374.0,50374.0,33011.0,Less selective,78.69,,,1984.0
1000489,,1000.0,700.0,,,,,,900.0,1200.0,19.0,26.0,,,,,Less Selective,Required,Need-blind,3.2551876282567425,1,Edward Waters University,Jacksonville,FL,14878.0,14878.0,13580.0,Less selective,84.81,,,1113.0
1000490,,1000.0,700.0,,,,,,1100.0,1350.0,24.0,29.0,,,,,Moderately Selective,Required,Need-blind,3.286946276684632,1,Embry-Riddle Aeronautical University-Daytona Beach,Daytona Beach,FL,42304.0,42304.0,40289.0,Somewhat selective,66.28,,,7535.0
1000491,,1000.0,700.0,,,,,,1400.0,1520.0,32.0,35.0,,,,,Elite,Required,Need-blind,3.8565910660820077,1,Florida Agricultural and Mechanical University,Tallahassee,FL,5785.0,17725.0,15847.0,Very selective,21.12,,,7516.0
1000492,,1000.0,700.0,,,,,,1100.0,1350.0,24.0,29.0,,,,,Moderately Selective,Required,Need-blind,3.645537330837918,1,Florida Atlantic University,Boca Raton,FL,4879.0,17324.0,8001.0,Somewhat selective,73.44,,,23458.0
1000494,,1000.0,700.0,,,,,,900.0,1200.0,19.0,26.0,,,,,Less Selective,Required,Need-blind,3.3231284024373817,1,Flagler College,Saint Augustine,FL,26610.0,26610.0,29951.0,Less selective,78.09,,,2404.0
1000495,,1000.0,700.0,,,,,,1100.0,1350.0,24.0,29.0,,,,,Moderately Selective,Required,Need-blind,3.838346819230744,1,Florida College,Temple Terrace,FL,18920.0,18920.0,22527.0,Somewhat selective,66.45,,,589.0
1000496,,1000.0,700.0,,,,,,900.0,1200.0,19.0,26.0,,,,,Less Selective,Required,Need-blind,3.7011344609009704,1,Concorde Career Institute-Jacksonville,Jacksonville,FL,,,27104.0,Less selective,96.47,,,140.0
1000497,,1000.0,700.0,,,,,,900.0,1200.0,19.0,26.0,,,,,Less Selective,Required,Need-blind,2.9487818073331837,1,Concorde Career Institute-Miramar,Miramar,FL,,,25614.0,Less selective,99.06,,,137.0
1000498,,1000.0,700.0,,,,,,900.0,1200.0,19.0,26.0,,,,,Less Selective,Required,Need-blind,3.547805435750324,1,Concorde Career Institute-Tampa,Tampa,FL,,,24449.0,Less selective,98.54,,,132.0
1000500,,1000.0,700.0,,,,,,1100.0,1350.0,24.0,29.0,,,,,Moderately Selective,Required,Need-blind,3.718895500398129,1,Florida Institute of Technology,Melbourne,FL,44360.0,44360.0,35300.0,Somewhat selective,62.53,,,3235.0
1000501,,1000.0,700.0,,,,,,1100.0,1350.0,24.0,29.0,,,,,Moderately Selective,Required,Need-blind,3.7151917440228734,1,Florida International University,Miami,FL,6565.0,18963.0,9133.0,Somewhat selective,58.84,,,38761.0
1000503,,1000.0,700.0,,,,,,1100.0,1350.0,24.0,29.0,,,,,Moderately Selective,Required,Need-blind,3.481499315648353,1,Florida Memorial University,Miami Gardens,FL,19110.0,19110.0,18675.0,Somewhat selective,74.31,,,1299.0
1000505,,1000.0,700.0,,,,,,1100.0,1350.0,24.0,29.0,,,,,Moderately Selective,Required,Need-blind,3.543066140386951,1,Florida Southern College,Lakeland,FL,42360.0,42360.0,29664.0,Somewhat selective,59.07,,,2607.0
1000506,,1000.0,700.0,,,,,,1300.0,1480.0,29.0,33.0,,,,,Highly Selective,Required,Need-blind,3.6403073681739304,1,Florida State University,Tallahassee,FL,5656.0,18786.0,10997.0,Selective,25.38,,,31812.0
1000507,,1000.0,700.0,,,,,,1400.0,1520.0,32.0,35.0,,,,,Elite,Required,Need-blind,3.8421738800194003,1,University of Florida,Gainesville,FL,6381.0,28659.0,6351.0,Very selective,24.03,,,34102.0
1000518,,1000.0,700.0,,,,,,1100.0,1350.0,24.0,29.0,,,,,Moderately Selective,Required,Need-blind,3.396229048200671,1,Jacksonville University,Jacksonville,FL,46180.0,46180.0,26255.0,Somewhat selective,57.29,,,2649.0
1000519,,1000.0,700.0,,,,,,900.0,1200.0,19.0,26.0,,,,,Less Selective,Required,Need-blind,3.248393129295304,1,Keiser University-Ft Lauderdale,Fort Lauderdale,FL,24136.0,24136.0,34439.0,Less selective,97.42,,,17370.0
1000527,,1000.0,700.0,,,,,,1300.0,1480.0,29.0,33.0,,,,,Highly Selective,Required,Need-blind,3.739398718619829,1,Luther Rice College & Seminary,Lithonia,GA,10538.0,10538.0,3935.0,Selective,34.29,,,195.0
1000533,,1000.0,700.0,,,,,,1400.0,1520.0,32.0,35.0,,,,,Elite,Required,Need-blind,3.979205776092946,1,University of Miami,Coral Gables,FL,59926.0,59926.0,36803.0,Very selective,18.51,,,12570.0
1000537,,1000.0,700.0,,,,,,1100.0,1350.0,24.0,29.0,,,,,Moderately Selective,Required,Need-blind,3.6369456077991775,1,University of North Florida,Jacksonville,FL,6389.0,20793.0,10353.0,Somewhat selective,62.27,,,13915.0
1000538,,1000.0,700.0,,,,,,1100.0,1350.0,24.0,29.0,,,,,Moderately Selective,Required,Need-blind,3.6253321182396547,1,Nova Southeastern University,Fort Lauderdale,FL,37080.0,37080.0,31303.0,Somewhat selective,72.67,,,7171.0
1000541,,1000.0,700.0,,,,,,900.0,1200.0,19.0,26.0,,,,,Less Selective,Required,Need-blind,3.7655581245575025,1,Palm Beach Atlantic University,West Palm Beach,FL,37990.0,37990.0,32751.0,Less selective,88.32,,,2427.0
1000549,,1000.0,700.0,,,,,,1100.0,1350.0,24.0,29.0,,,,,Moderately Selective,Required,Need-blind,3.5316524228737767,1,Ringling College of Art and Design,Sarasota,FL,55480.0,55480.0,55390.0,Somewhat selective,67.37,,,1719.0
1000551,,1000.0,700.0,,,,,,1300.0,1480.0,29.0,33.0,,,,,Highly Selective,Required,Need-blind,3.672482693708049,1,Rollins College,Winter Park,FL,58300.0,58300.0,33847.0,Selective,40.56,,,2582.0
1000553,,1000.0,700.0,,,,,,1100.0,1350.0,24.0,29.0,,,,,Moderately Selective,Required,Need-blind,3.504992339258318,1,Saint Leo University,Saint Leo,FL,28360.0,28360.0,18467.0,Somewhat selective,72.1,,,6999.0
1000562,,1000.0,700.0,,,,,,1300.0,1480.0,29.0,33.0,,,,,Highly Selective,Required,Need-blind,3.6052940152372344,1,University of South Florida,Tampa,FL,6410.0,17324.0,10043.0,Selective,40.96,,,36299.0
1000563,,1000.0,700.0,,,,,,900.0,1200.0,19.0,26.0,,,,,Less Selective,Required,Need-blind,3.225680607246638,1,St. Thomas University,Miami Gardens,FL,34770.0,34770.0,24275.0,Less selective,99.4,,,1963.0
1000564,,1000.0,700.0,,,,,,900.0,1200.0,19.0,26.0,,,,,Less Selective,Required,Need-blind,3.172106478642815,1,Stetson University,DeLand,FL,55220.0,55220.0,21318.0,Less selective,86.43,,,2292.0
1000565,,1000.0,700.0,,,,,,1100.0,1350.0,24.0,29.0,,,,,Moderately Selective,Required,Need-blind,3.453281654161743,1,Southeastern University,Lakeland,FL,31732.0,31732.0,30209.0,Somewhat selective,74.29,,,4646.0
1000569,,1000.0,700.0,,,,,,1300.0,1480.0,29.0,33.0,,,,,Highly Selective,Required,Need-blind,3.6935179914884215,1,The University of Tampa,Tampa,FL,33424.0,33424.0,35634.0,Selective,40.93,,,10093.0
1000572,,1000.0,700.0,,,,,,1100.0,1350.0,24.0,29.0,,,,,Moderately Selective,Required,Need-blind,2.9325877160049596,1,Trinity Baptist College,Jacksonville,FL,14300.0,14300.0,19273.0,Somewhat selective,62.5,,,363.0
1000573,,1000.0,700.0,,,,,,900.0,1200.0,19.0,26.0,,,,,Less Selective,Required,Need-blind,3.2982542502940304,1,Trinity College of Florida,Trinity,FL,16300.0,16300.0,21283.0,Less selective,96.3,,,187.0
1000575,,1000.0,700.0,,,,,,1300.0,1480.0,29.0,33.0,,,,,Highly Selective,Required,Need-blind,3.569089640183138,1,Warner University,Lake Wales,FL,28160.0,28160.0,21007.0,Selective,47.79,,,753.0
1000577,,1000.0,700.0,,,,,,900.0,1200.0,19.0,26.0,,,,,Less Selective,Required,Need-blind,3.145064370522339,1,Webber International University,Babson Park,FL,32150.0,32150.0,29932.0,Less selective,77.56,,,879.0
1000578,,1000.0,700.0,,,,,,1100.0,1350.0,24.0,29.0,,,,,Moderately Selective,Required,Need-blind,3.662454646427394,1,University of West Florida,Pensacola,FL,6360.0,19241.0,8155.0,Somewhat selective,56.87,,,9042.0
1000583,,1000.0,700.0,,,,,,900.0,1200.0,19.0,26.0,,,,,Less Selective,Required,Need-blind,3.033404044267257,1,Abraham Baldwin Agricultural College,Tifton,GA,3195.0,10101.0,6061.0,Less selective,77.16,,,3218.0
1000584,,1000.0,700.0,,,,,,1100.0,1350.0,24.0,29.0,,,,,Moderately Selective,Required,Need-blind,3.4898238940165944,1,Agnes Scott College,Decatur,GA,48150.0,48150.0,24224.0,Somewhat selective,67.31,,,898.0
1000588,,1000.0,700.0,,,,,,1100.0,1350.0,24.0,29.0,,,,,Moderately Selective,Required,Need-blind,3.6994702620286697,1,Andrew College,Cuthbert,GA,19126.0,19126.0,21934.0,Somewhat selective,51.15,,,287.0
1000591,,1000.0,700.0,,,,,,1100.0,1350.0,24.0,29.0,,,,,Moderately Selective,Required,Need-blind,3.3217926694349913,1,Point University,West Point,GA,22300.0,22300.0,20752.0,Somewhat selective,67.51,,,2617.0
1000594,,1000.0,700.0,,,,,,1100.0,1350.0,24.0,29.0,,,,,Moderately Selective,Required,Need-blind,3.0935260295063225,1,Clark Atlanta University,Atlanta,GA,26446.0,26446.0,35115.0,Somewhat selective,64.63,,,3482.0
1000596,,1000.0,700.0,,,,,,1100.0,1350.0,24.0,29.0,,,,,Moderately Selective,Required,Need-blind,3.3201281100313933,1,Berry College,Mount Berry,GA,40416.0,40416.0,21568.0,Somewhat selective,61.85,,,2213.0
1000598,,1000.0,700.0,,,,,,900.0,1200.0,19.0,26.0,,,,,Less Selective,Required,Need-blind,3.3977495870275325,1,Brenau University,Gainesville,GA,33275.0,33275.0,20786.0,Less selective,86.96,,,981.0
1000599,,1000.0,700.0,,,,,,900.0,1200.0,19.0,26.0,,,,,Less Selective,Required,Need-blind,3.024894824238937,1,Brewton-Parker College,Mount Vernon,GA,21696.0,21696.0,21983.0,Less selective,86.35,,,684.0
1000600,,1000.0,700.0,,,,,,900.0,1200.0,19.0,26.0,,,,,Less Selective,Required,Need-blind,3.5484817866134843,1,College of Coastal Georgia,Brunswick,GA,3483.0,10389.0,12905.0,Less selective,98.51,,,2794.0
1000602,,1000.0,700.0,,,,,,1100.0,1350.0,24.0,29.0,,,,,Moderately Selective,Required,Need-blind,3.6397710946087036,1,Clayton  State University,Morrow,GA,5068.0,15790.0,10145.0,Somewhat selective,70.59,,,4390.0
1000604,,1000.0,700.0,,,,,,900.0,1200.0,19.0,26.0,,,,,Less Selective,Required,Need-blind,2.9200749095658933,1,Columbus State University,Columbus,GA,5751.0,16805.0,11889.0,Less selective,99.24,,,5537.0
1000606,,1000.0,700.0,,,,,,900.0,1200.0,19.0,26.0,,,,,Less Selective,Required,Need-blind,3.453495990720647,1,Covenant College,Lookout Mountain,GA,40464.0,40464.0,24832.0,Less selective,81.76,,,858.0
1000610,,1000.0,700.0,,,,,,1100.0,1350.0,24.0,29.0,,,,,Moderately Selective,Required,Need-blind,3.7850467783957877,1,Emmanuel University,Franklin Springs,GA,23664.0,23664.0,19297.0,Somewhat selective,53.36,,,719.0
1000611,,1000.0,700.0,,,,,,1400.0,1520.0,32.0,35.0,,,,,Elite,Required,Need-blind,4.04608093993755,1,Emory University,Atlanta,GA,60774.0,60774.0,23911.0,Very selective,11.1,,,7275.0
1000613,,1000.0,700.0,,,,,,1100.0,1350.0,24.0,29.0,,,,,Moderately Selective,Required,Need-blind,3.751858756328972,1,Fort Valley State University,Fort Valley,GA,5392.0,16114.0,11609.0,Somewhat selective,62.8,,,2541.0
1000614,,1000.0,700.0,,,,,,1400.0,1520.0,32.0,35.0,,,,,Elite,Required,Need-blind,4.061249565868787,1,Georgia Institute of Technology-Main Campus,Atlanta,GA,11764.0,32876.0,13289.0,Very selective,16.46,,,18260.0
1000615,,1000.0,700.0,,,,,,900.0,1200.0,19.0,26.0,,,,,Less Selective,Required,Need-blind,3.185563301350358,1,Georgia Southwestern State University,Americus,GA,4980.0,15702.0,12052.0,Less selective,77.16,,,2291.0
1000616,,1000.0,700.0,,,,,,900.0,1200.0,19.0,26.0,,,,,Less Selective,Required,Need-blind,3.264174551125256,1,Georgia College & State University,Milledgeville,GA,8998.0,28178.0,18809.0,Less selective,87.77,,,5599.0
1000617,,1000.0,700.0,,,,,,900.0,1200.0,19.0,26.0,,,,,Less Selective,Required,Need-blind,2.9842487532928006,1,Georgia Southern University,Statesboro,GA,5905.0,16959.0,16531.0,Less selective,89.63,,,21029.0
1000618,,1000.0,700.0,,,,,,1100.0,1350.0,24.0,29.0,,,,,Moderately Selective,Required,Need-blind,3.286318458811511,1,Georgia State University,Atlanta,GA,8478.0,23709.0,15931.0,Somewhat selective,62.28,,,27109.0
1000619,,1000.0,700.0,,,,,,1300.0,1480.0,29.0,33.0,,,,,Highly Selective,Required,Need-blind,4.020196370569808,1,University of Georgia,Athens,GA,11180.0,30220.0,13816.0,Selective,37.2,,,31310.0
1000620,,1000.0,700.0,,,,,,900.0,1200.0,19.0,26.0,,,,,Less Selective,Required,Need-blind,3.13838026158988,1,Gordon State College,Barnesville,GA,3475.0,10381.0,8918.0,Less selective,86.78,,,2605.0
1000625,,1000.0,700.0,,,,,,1100.0,1350.0,24.0,29.0,,,,,Moderately Selective,Required,Need-blind,3.181263458936349,1,LaGrange College,Lagrange,GA,34540.0,34540.0,17805.0,Somewhat selective,63.21,,,566.0
1000627,,1000.0,700.0,,,,,,900.0,1200.0,19.0,26.0,,,,,Less Selective,Required,Need-blind,3.4184916305796604,1,Life University,Marietta,GA,15036.0,15036.0,30257.0,Less selective,93.81,,,869.0
1000629,,1000.0,700.0,,,,,,1100.0,1350.0,24.0,29.0,,,,,Moderately Selective,Required,Need-blind,3.3777334588651002,1,Mercer University,Macon,GA,40890.0,40890.0,22350.0,Somewhat selective,66.46,,,4620.0
1000630,,1000.0,700.0,,,,,,1100.0,1350.0,24.0,29.0,,,,,Moderately Selective,Required,Need-blind,3.6837405830540293,1,Morehouse College,Atlanta,GA,31725.0,31725.0,35949.0,Somewhat selective,51.39,,,2736.0
1000633,,1000.0,700.0,,,,,,1100.0,1350.0,24.0,29.0,,,,,Moderately Selective,Required,Need-blind,3.2916500315872113,1,Oglethorpe University,Atlanta,GA,45806.0,45806.0,21735.0,Somewhat selective,60.06,,,1429.0
1000634,,1000.0,700.0,,,,,,900.0,1200.0,19.0,26.0,,,,,Less Selective,Required,Need-blind,3.32011294748992,1,Paine College,Augusta,GA,14596.0,14596.0,15074.0,Less selective,83.36,,,338.0
1000635,,1000.0,700.0,,,,,,900.0,1200.0,19.0,26.0,,,,,Less Selective,Required,Need-blind,3.0327380420887753,1,Piedmont University,Demorest,GA,30680.0,30680.0,20893.0,Less selective,92.84,,,1235.0
1000636,,1000.0,700.0,,,,,,1100.0,1350.0,24.0,29.0,,,,,Moderately Selective,Required,Need-blind,3.3125696912760967,1,Reinhardt University,Waleska,GA,28420.0,28420.0,27769.0,Somewhat selective,55.16,,,1012.0
1000638,,1000.0,700.0,,,,,,900.0,1200.0,19.0,26.0,,,,,Less Selective,Required,Need-blind,3.336232877556256,1,Savannah College of Art and Design,Savannah,GA,40595.0,40595.0,45450.0,Less selective,83.68,,,14423.0
1000640,,1000.0,700.0,,,,,,900.0,1200.0,19.0,26.0,,,,,Less Selective,Required,Need-blind,2.8951077966671277,1,Shorter University,Rome,GA,24044.0,24044.0,16286.0,Less selective,96.93,,,1091.0
1000642,,1000.0,700.0,,,,,,1300.0,1480.0,29.0,33.0,,,,,Highly Selective,Required,Need-blind,3.89502287932904,1,Spelman College,Atlanta,GA,30058.0,30058.0,36828.0,Selective,34.09,,,3633.0
1000643,,1000.0,700.0,,,,,,1300.0,1480.0,29.0,33.0,,,,,Highly Selective,Required,Need-blind,3.874774819658327,1,Thomas University,Thomasville,GA,11640.0,11640.0,19313.0,Selective,43.16,,,813.0
1000644,,1000.0,700.0,,,,,,1100.0,1350.0,24.0,29.0,,,,,Moderately Selective,Required,Need-blind,3.7249114877586083,1,Toccoa Falls College,Toccoa Falls,GA,23250.0,23250.0,20133.0,Somewhat selective,63.81,,,820.0
1000645,,1000.0,700.0,,,,,,900.0,1200.0,19.0,26.0,,,,,Less Selective,Required,Need-blind,3.1263979984964134,1,Truett McConnell University,Cleveland,GA,25568.0,25568.0,22328.0,Less selective,90.68,,,768.0
1000647,,1000.0,700.0,,,,,,900.0,1200.0,19.0,26.0,,,,,Less Selective,Required,Need-blind,3.4578971778161023,1,Valdosta State University,Valdosta,GA,6007.0,17062.0,11298.0,Less selective,83.49,,,6858.0
1000648,,1000.0,700.0,,,,,,1100.0,1350.0,24.0,29.0,,,,,Moderately Selective,Required,Need-blind,3.2495173820516543,1,Wesleyan College,Macon,GA,27650.0,27650.0,14528.0,Somewhat selective,62.07,,,466.0
1000649,,1000.0,700.0,,,,,,1300.0,1480.0,29.0,33.0,,,,,Highly Selective,Required,Need-blind,3.7361090881939982,1,University of West Georgia,Carrollton,GA,5971.0,17024.0,15450.0,Selective,49.37,,,7485.0
1000650,,1000.0,700.0,,,,,,1100.0,1350.0,24.0,29.0,,,,,Moderately Selective,Required,Need-blind,3.355026448775291,1,Young Harris College,Young Harris,GA,32305.0,32305.0,11008.0,Somewhat selective,64.02,,,810.0
1000651,,1000.0,700.0,,,,,,900.0,1200.0,19.0,26.0,,,,,Less Selective,Required,Need-blind,2.780441703951306,1,Chaminade University of Honolulu,Honolulu,HI,29970.0,29970.0,28061.0,Less selective,92.63,,,1648.0
1000652,,1000.0,700.0,,,,,,900.0,1200.0,19.0,26.0,,,,,Less Selective,Required,Need-blind,3.4231280356248703,1,University of Hawaii at Hilo,Hilo,HI,7838.0,20798.0,12063.0,Less selective,89.77,,,2260.0
1000653,,1000.0,700.0,,,,,,1100.0,1350.0,24.0,29.0,,,,,Moderately Selective,Required,Need-blind,3.604333278664718,1,University of Hawaii at Manoa,Honolulu,HI,12186.0,34218.0,13181.0,Somewhat selective,69.69,,,14306.0
1000654,,1000.0,700.0,,,,,,900.0,1200.0,19.0,26.0,,,,,Less Selective,Required,Need-blind,2.9758645544367486,1,Hawaii Pacific University,Honolulu,HI,33020.0,33020.0,30557.0,Less selective,84.48,,,2502.0
1000660,,1000.0,700.0,,,,,,900.0,1200.0,19.0,26.0,,,,,Less Selective,Required,Need-blind,2.94709316655257,1,University of Hawaii-West Oahu,Kapolei,HI,7584.0,20544.0,10666.0,Less selective,95.6,,,2510.0
1000663,,1000.0,700.0,,,,,,900.0,1200.0,19.0,26.0,,,,,Less Selective,Required,Need-blind,3.2775067792126524,1,Boise Bible College,Boise,ID,11240.0,11240.0,16884.0,Less selective,96.43,,,103.0
1000664,,1000.0,700.0,,,,,,900.0,1200.0,19.0,26.0,,,,,Less Selective,Required,Need-blind,2.8820359681942462,1,Boise State University,Boise,ID,8782.0,26976.0,19182.0,Less selective,83.96,,,17081.0
1000667,,1000.0,700.0,,,,,,900.0,1200.0,19.0,26.0,,,,,Less Selective,Required,Need-blind,3.524909122023663,1,University of Idaho,Moscow,ID,8816.0,29784.0,13782.0,Less selective,79.09,,,7363.0
1000668,,1000.0,700.0,,,,,,1300.0,1480.0,29.0,33.0,,,,,Highly Selective,Required,Need-blind,3.564493558863619,1,The College of Idaho,Caldwell,ID,36030.0,36030.0,20566.0,Selective,47.22,,,1049.0
1000669,,1000.0,700.0,,,,,,900.0,1200.0,19.0,26.0,,,,,Less Selective,Required,Need-blind,3.236358127635736,1,Lewis-Clark State College,Lewiston,ID,7388.0,21386.0,12832.0,Less selective,89.78,,,2277.0
1000671,,1000.0,700.0,,,,,,1100.0,1350.0,24.0,29.0,,,,,Moderately Selective,Required,Need-blind,3.4010465045354983,1,Northwest Nazarene University,Nampa,ID,39370.0,39370.0,25537.0,Somewhat selective,62.95,,,1138.0
1000672,,1000.0,700.0,,,,,,900.0,1200.0,19.0,26.0,,,,,Less Selective,Required,Need-blind,3.334717336769579,1,Brigham Young University-Idaho,Rexburg,ID,4656.0,4656.0,7131.0,Less selective,96.95,,,42090.0
1000674,,1000.0,700.0,,,,,,900.0,1200.0,19.0,26.0,,,,,Less Selective,Required,Need-blind,3.372290577202628,1,School of the Art Institute of Chicago,Chicago,IL,54530.0,54530.0,49822.0,Less selective,76.42,,,2762.0
1000675,,1000.0,700.0,,,,,,1100.0,1350.0,24.0,29.0,,,,,Moderately Selective,Required,Need-blind,3.3833237435955663,1,Augustana College,Rock Island,IL,49834.0,49834.0,12437.0,Somewhat selective,67.65,,,2418.0
1000676,,1000.0,700.0,,,,,,900.0,1200.0,19.0,26.0,,,,,Less Selective,Required,Need-blind,3.0683071389718255,1,Aurora University,Aurora,IL,28220.0,28220.0,18992.0,Less selective,85.14,,,4021.0
1000679,,1000.0,700.0,,,,,,900.0,1200.0,19.0,26.0,,,,,Less Selective,Required,Need-blind,3.0077300437719714,1,Blackburn College,Carlinville,IL,26758.0,26758.0,21814.0,Less selective,80.14,,,341.0
1000681,,1000.0,700.0,,,,,,900.0,1200.0,19.0,26.0,,,,,Less Selective,Required,Need-blind,3.2439303230807472,1,Bradley University,Peoria,IL,39680.0,39680.0,23572.0,Less selective,76.66,,,3865.0
1000684,,1000.0,700.0,,,,,,1300.0,1480.0,29.0,33.0,,,,,Highly Selective,Required,Need-blind,3.5740670646419654,1,Chicago State University,Chicago,IL,12754.0,12754.0,10133.0,Selective,40.52,,,1414.0
1000685,,1000.0,700.0,,,,,,1500.0,1580.0,34.0,36.0,,,,,Elite,Required,Need-blind,3.6403857190021838,1,University of Chicago,Chicago,IL,66939.0,66939.0,18967.0,Extremely selective,4.79,,,7540.0
1000693,,1000.0,700.0,,,,,,900.0,1200.0,19.0,26.0,,,,,Less Selective,Required,Need-blind,2.932766994576807,1,Columbia College Chicago,Chicago,IL,32520.0,32520.0,26788.0,Less selective,91.17,,,6294.0
1000694,,1000.0,700.0,,,,,,900.0,1200.0,19.0,26.0,,,,,Less Selective,Required,Need-blind,3.440667171044854,1,Concordia University-Chicago,River Forest,IL,36258.0,36258.0,16774.0,Less selective,93.36,,,1337.0
1000697,,1000.0,700.0,,,,,,1100.0,1350.0,24.0,29.0,,,,,Moderately Selective,Required,Need-blind,3.5379825839510626,1,DePaul University,Chicago,IL,44460.0,44460.0,29141.0,Somewhat selective,73.53,,,14283.0
1000701,,1000.0,700.0,,,,,,1100.0,1350.0,24.0,29.0,,,,,Moderately Selective,Required,Need-blind,3.5663001169202526,1,Eastern Illinois University,Charleston,IL,13403.0,15879.0,14093.0,Somewhat selective,67.75,,,4398.0
1000703,,1000.0,700.0,,,,,,900.0,1200.0,19.0,26.0,,,,,Less Selective,Required,Need-blind,3.185149462945712,1,Elmhurst University,Elmhurst,IL,41628.0,41628.0,21063.0,Less selective,75.74,,,2954.0
1000704,,1000.0,700.0,,,,,,900.0,1200.0,19.0,26.0,,,,,Less Selective,Required,Need-blind,2.7900309683822337,1,Eureka College,Eureka,IL,28400.0,28400.0,22048.0,Less selective,88.47,,,522.0
1000706,,1000.0,700.0,,,,,,900.0,1200.0,19.0,26.0,,,,,Less Selective,Required,Need-blind,3.2234441840320742,1,Fox College,Tinley Park,IL,17190.0,17190.0,13506.0,Less selective,76.56,,,239.0
1000708,,1000.0,700.0,,,,,,900.0,1200.0,19.0,26.0,,,,,Less Selective,Required,Need-blind,2.983195779726101,1,Greenville University,Greenville,IL,30598.0,30598.0,21270.0,Less selective,95.37,,,873.0
1000712,,1000.0,700.0,,,,,,900.0,1200.0,19.0,26.0,,,,,Less Selective,Required,Need-blind,2.954305056123756,1,University of Illinois Chicago,Chicago,IL,14338.0,29360.0,12313.0,Less selective,78.5,,,21814.0
1000713,,1000.0,700.0,,,,,,900.0,1200.0,19.0,26.0,,,,,Less Selective,Required,Need-blind,2.728649184300601,1,Benedictine University,Lisle,IL,34290.0,34290.0,23529.0,Less selective,77.22,,,1817.0
1000714,,1000.0,700.0,,,,,,1300.0,1480.0,29.0,33.0,,,,,Highly Selective,Required,Need-blind,3.592529357628461,1,University of Illinois Urbana-Champaign,Champaign,IL,16004.0,34501.0,15201.0,Selective,43.69,,,34623.0
1000715,,1000.0,700.0,,,,,,1300.0,1480.0,29.0,33.0,,,,,Highly Selective,Required,Need-blind,3.814019928691881,1,Illinois Wesleyan University,Bloomington,IL,55704.0,55704.0,29550.0,Selective,45.17,,,1570.0
1000717,,1000.0,700.0,,,,,,1100.0,1350.0,24.0,29.0,,,,,Moderately Selective,Required,Need-blind,3.46703289508408,1,Illinois College,Jacksonville,IL,37470.0,37470.0,17945.0,Somewhat selective,74.67,,,925.0
1000719,,1000.0,700.0,,,,,,1100.0,1350.0,24.0,29.0,,,,,Moderately Selective,Required,Need-blind,3.5604249624922373,1,Illinois Institute of Technology,Chicago,IL,51763.0,51763.0,19353.0,Somewhat selective,55.42,,,2812.0
1000720,,1000.0,700.0,,,,,,900.0,1200.0,19.0,26.0,,,,,Less Selective,Required,Need-blind,3.187217705705411,1,Illinois State University,Normal,IL,16021.0,28086.0,18996.0,Less selective,89.01,,,18414.0
1000725,,1000.0,700.0,,,,,,1100.0,1350.0,24.0,29.0,,,,,Moderately Selective,Required,Need-blind,3.8316211683412766,1,Judson University,Elgin,IL,30910.0,30910.0,25027.0,Somewhat selective,63.12,,,780.0
1000729,,1000.0,700.0,,,,,,1100.0,1350.0,24.0,29.0,,,,,Moderately Selective,Required,Need-blind,3.3936500712833615,1,Knox College,Galesburg,IL,55587.0,55587.0,24875.0,Somewhat selective,71.13,,,997.0
1000731,,1000.0,700.0,,,,,,1100.0,1350.0,24.0,29.0,,,,,Moderately Selective,Required,Need-blind,3.6465449700315196,1,Lake Forest College,Lake Forest,IL,54202.0,54202.0,27499.0,Somewhat selective,59.41,,,1782.0
1000734,,1000.0,700.0,,,,,,1100.0,1350.0,24.0,29.0,,,,,Moderately Selective,Required,Need-blind,3.2724954157460413,1,Lewis University,Romeoville,IL,37882.0,37882.0,18370.0,Somewhat selective,72.73,,,3665.0
1000736,,1000.0,700.0,,,,,,900.0,1200.0,19.0,26.0,,,,,Less Selective,Required,Need-blind,3.0260490324567875,1,Loyola University Chicago,Chicago,IL,51716.0,51716.0,35196.0,Less selective,81.39,,,11576.0
1000739,,1000.0,700.0,,,,,,1100.0,1350.0,24.0,29.0,,,,,Moderately Selective,Required,Need-blind,4.078580133366734,1,McKendree University,Lebanon,IL,34070.0,34070.0,24190.0,Somewhat selective,63.88,,,1600.0
1000740,,1000.0,700.0,,,,,,1300.0,1480.0,29.0,33.0,,,,,Highly Selective,Required,Need-blind,3.579882383103305,1,Methodist College,Peoria,IL,18008.0,18008.0,14867.0,Selective,31.11,,,374.0
1000741,,1000.0,700.0,,,,,,1100.0,1350.0,24.0,29.0,,,,,Moderately Selective,Required,Need-blind,3.4893234604413457,1,Millikin University,Decatur,IL,26892.0,43670.0,8837.0,Somewhat selective,54.05,,,1458.0
1000742,,1000.0,700.0,,,,,,900.0,1200.0,19.0,26.0,,,,,Less Selective,Required,Need-blind,2.745671159684984,1,Monmouth College,Monmouth,IL,43520.0,43520.0,18034.0,Less selective,86.62,,,725.0
1000743,,1000.0,700.0,,,,,,900.0,1200.0,19.0,26.0,,,,,Less Selective,Required,Need-blind,3.1910670835300428,1,Moody Bible Institute,Chicago,IL,15356.0,15356.0,25007.0,Less selective,97.54,,,1586.0
1000746,,1000.0,700.0,,,,,,900.0,1200.0,19.0,26.0,,,,,Less Selective,Required,Need-blind,3.267741274386965,1,National Louis University,Chicago,IL,12345.0,12345.0,16157.0,Less selective,93.12,,,4100.0
1000747,,1000.0,700.0,,,,,,1100.0,1350.0,24.0,29.0,,,,,Moderately Selective,Required,Need-blind,3.277449701427299,1,North Central College,Naperville,IL,44394.0,44394.0,23033.0,Somewhat selective,58.31,,,2360.0
1000748,,1000.0,700.0,,,,,,1100.0,1350.0,24.0,29.0,,,,,Moderately Selective,Required,Need-blind,3.468486350567121,1,North Park University,Chicago,IL,35325.0,35325.0,18191.0,Somewhat selective,72.84,,,1844.0
1000749,,1000.0,700.0,,,,,,1100.0,1350.0,24.0,29.0,,,,,Moderately Selective,Required,Need-blind,3.7844005448761973,1,Northern Illinois University,Dekalb,IL,12700.0,12700.0,12909.0,Somewhat selective,70.45,,,11277.0
1000750,,1000.0,700.0,,,,,,1400.0,1520.0,32.0,35.0,,,,,Elite,Required,Need-blind,3.8878444133933927,1,Northwestern University,Evanston,IL,65997.0,65997.0,27143.0,Extremely selective,7.15,,,8960.0
1000751,,1000.0,700.0,,,,,,1100.0,1350.0,24.0,29.0,,,,,Moderately Selective,Required,Need-blind,3.120556154104438,1,Northeastern Illinois University,Chicago,IL,12383.0,22726.0,13550.0,Somewhat selective,70.4,,,3869.0
1000753,,1000.0,700.0,,,,,,1100.0,1350.0,24.0,29.0,,,,,Moderately Selective,Required,Need-blind,3.6025091278212376,1,Olivet Nazarene University,Bourbonnais,IL,37940.0,37940.0,21539.0,Somewhat selective,66.9,,,2485.0
1000756,,1000.0,700.0,,,,,,1300.0,1480.0,29.0,33.0,,,,,Highly Selective,Required,Need-blind,3.628482031719135,1,Principia College,Elsah,IL,33280.0,33280.0,33280.0,Selective,44.4,,,337.0
1000757,,1000.0,700.0,,,,,,1300.0,1480.0,29.0,33.0,,,,,Highly Selective,Required,Need-blind,3.763692226534161,1,Quincy University,Quincy,IL,35740.0,35740.0,17324.0,Selective,49.89,,,1038.0
1000761,,1000.0,700.0,,,,,,1100.0,1350.0,24.0,29.0,,,,,Moderately Selective,Required,Need-blind,3.304437997472448,1,Rockford University,Rockford,IL,37300.0,37300.0,23066.0,Somewhat selective,57.23,,,956.0
1000762,,1000.0,700.0,,,,,,900.0,1200.0,19.0,26.0,,,,,Less Selective,Required,Need-blind,3.2367060892607755,1,Roosevelt University,Chicago,IL,20280.0,20280.0,20152.0,Less selective,94.27,,,2583.0
1000763,,1000.0,700.0,,,,,,900.0,1200.0,19.0,26.0,,,,,Less Selective,Required,Need-blind,3.160966847830677,1,Dominican University,River Forest,IL,37844.0,37844.0,15113.0,Less selective,79.8,,,2271.0
1000766,,1000.0,700.0,,,,,,1100.0,1350.0,24.0,29.0,,,,,Moderately Selective,Required,Need-blind,3.810120643003162,1,University of St Francis,Joliet,IL,37000.0,37000.0,16284.0,Somewhat selective,63.93,,,1292.0
1000767,,1000.0,700.0,,,,,,900.0,1200.0,19.0,26.0,,,,,Less Selective,Required,Need-blind,3.032541596826141,1,Saint Xavier University,Chicago,IL,36840.0,36840.0,12093.0,Less selective,85.75,,,3030.0
1000768,,1000.0,700.0,,,,,,900.0,1200.0,19.0,26.0,,,,,Less Selective,Required,Need-blind,3.8141374974690034,1,University of Illinois Springfield,Springfield,IL,12252.0,22017.0,8916.0,Less selective,84.37,,,2292.0
1000774,,1000.0,700.0,,,,,,900.0,1200.0,19.0,26.0,,,,,Less Selective,Required,Need-blind,3.091247014485993,1,Saint Anthony College of Nursing,Rockford,IL,27811.0,27811.0,27811.0,Less selective,100.0,,,152.0
1000775,,1000.0,700.0,,,,,,900.0,1200.0,19.0,26.0,,,,,Less Selective,Required,Need-blind,2.5539007080322866,1,Southern Illinois University-Carbondale,Carbondale,IL,13244.0,13244.0,16177.0,Less selective,90.44,,,8116.0
1000776,,1000.0,700.0,,,,,,900.0,1200.0,19.0,26.0,,,,,Less Selective,Required,Need-blind,3.173900332049042,1,Southern Illinois University-Edwardsville,Edwardsville,IL,12922.0,12922.0,13696.0,Less selective,97.21,,,8836.0
1000778,,1000.0,700.0,,,,,,900.0,1200.0,19.0,26.0,,,,,Less Selective,Required,Need-blind,3.1103934955919734,1,Trinity Christian College,Palos Heights,IL,20325.0,20325.0,16381.0,Less selective,88.65,,,796.0
1000779,,1000.0,700.0,,,,,,900.0,1200.0,19.0,26.0,,,,,Less Selective,Required,Need-blind,4.00357770138902,1,Trinity International University-Illinois,Deerfield,IL,12320.0,12320.0,21386.0,Less selective,93.18,,,140.0
1000783,,1000.0,700.0,,,,,,1100.0,1350.0,24.0,29.0,,,,,Moderately Selective,Required,Need-blind,3.361946842681718,1,Western Illinois University,Macomb,IL,14952.0,14952.0,11592.0,Somewhat selective,74.96,,,4939.0
1000784,,1000.0,700.0,,,,,,900.0,1200.0,19.0,26.0,,,,,Less Selective,Required,Need-blind,2.923538259316255,1,Wheaton College,Wheaton,IL,43930.0,43930.0,26984.0,Less selective,89.98,,,2087.0
1000786,,1000.0,700.0,,,,,,1100.0,1350.0,24.0,29.0,,,,,Moderately Selective,Required,Need-blind,3.3352728139527983,1,Anderson University,Anderson,IN,35640.0,35640.0,22144.0,Somewhat selective,53.42,,,1070.0
1000787,,1000.0,700.0,,,,,,1100.0,1350.0,24.0,29.0,,,,,Moderately Selective,Required,Need-blind,3.465586531790473,1,Ball State University,Muncie,IN,10758.0,28766.0,15898.0,Somewhat selective,71.6,,,13770.0
1000788,,1000.0,700.0,,,,,,900.0,1200.0,19.0,26.0,,,,,Less Selective,Required,Need-blind,3.1351522768475077,1,Bethel University,Mishawaka,IN,33320.0,33320.0,19726.0,Less selective,98.68,,,1069.0
1000789,,1000.0,700.0,,,,,,900.0,1200.0,19.0,26.0,,,,,Less Selective,Required,Need-blind,2.5997642878699976,1,Butler University,Indianapolis,IN,45980.0,45980.0,38472.0,Less selective,85.87,,,4383.0
1000793,,1000.0,700.0,,,,,,1100.0,1350.0,24.0,29.0,,,,,Moderately Selective,Required,Need-blind,3.75323314393575,1,DePauw University,Greencastle,IN,57070.0,57070.0,24546.0,Somewhat selective,54.06,,,1804.0
1000794,,1000.0,700.0,,,,,,1100.0,1350.0,24.0,29.0,,,,,Moderately Selective,Required,Need-blind,3.0660053132516807,1,Earlham College,Richmond,IN,51840.0,51840.0,24516.0,Somewhat selective,74.22,,,612.0
1000795,,1000.0,700.0,,,,,,900.0,1200.0,19.0,26.0,,,,,Less Selective,Required,Need-blind,3.2254217252844857,1,University of Evansville,Evansville,IN,42676.0,42676.0,20230.0,Less selective,77.65,,,1477.0
1000796,,1000.0,700.0,,,,,,1100.0,1350.0,24.0,29.0,,,,,Moderately Selective,Required,Need-blind,3.583191695100372,1,Franklin College,Franklin,IN,37350.0,37350.0,22762.0,Somewhat selective,70.58,,,872.0
1000797,,1000.0,700.0,,,,,,900.0,1200.0,19.0,26.0,,,,,Less Selective,Required,Need-blind,3.2053338116576726,1,Goshen College,Goshen,IN,37760.0,37760.0,15725.0,Less selective,88.94,,,761.0
1000798,,1000.0,700.0,,,,,,900.0,1200.0,19.0,26.0,,,,,Less Selective,Required,Need-blind,3.0366596541079707,1,Grace College and Theological Seminary,Winona Lake,IN,30034.0,30034.0,18406.0,Less selective,80.78,,,1511.0
1000799,,1000.0,700.0,,,,,,900.0,1200.0,19.0,26.0,,,,,Less Selective,Required,Need-blind,3.2413886826929703,1,Hanover College,Hanover,IN,42894.0,42894.0,21826.0,Less selective,83.97,,,958.0
1000800,,1000.0,700.0,,,,,,1100.0,1350.0,24.0,29.0,,,,,Moderately Selective,Required,Need-blind,3.244544122473803,1,Holy Cross College,Notre Dame,IN,35500.0,35500.0,26470.0,Somewhat selective,73.71,,,533.0
1000802,,1000.0,700.0,,,,,,1100.0,1350.0,24.0,29.0,,,,,Moderately Selective,Required,Need-blind,3.500028085371242,1,Huntington University,Huntington,IN,29982.0,29982.0,13710.0,Somewhat selective,71.15,,,1016.0
1000804,,1000.0,700.0,,,,,,900.0,1200.0,19.0,26.0,,,,,Less Selective,Required,Need-blind,3.0112839723821256,1,Purdue University Fort Wayne,Fort Wayne,IN,9254.0,22220.0,11513.0,Less selective,85.66,,,5450.0
1000805,,1000.0,700.0,,,,,,900.0,1200.0,19.0,26.0,,,,,Less Selective,Required,Need-blind,3.286771907811898,1,Indiana University-Indianapolis,Indianapolis,IN,10449.0,33717.0,11408.0,Less selective,81.39,,,16582.0
1000806,,1000.0,700.0,,,,,,1100.0,1350.0,24.0,29.0,,,,,Moderately Selective,Required,Need-blind,3.3317681339632985,1,University of Indianapolis,Indianapolis,IN,36136.0,36136.0,18748.0,Somewhat selective,72.76,,,3147.0
1000807,,1000.0,700.0,,,,,,1100.0,1350.0,24.0,29.0,,,,,Moderately Selective,Required,Need-blind,3.416049302699607,1,Indiana Institute of Technology,Fort Wayne,IN,30446.0,30446.0,21318.0,Somewhat selective,56.89,,,1361.0
1000808,,1000.0,700.0,,,,,,900.0,1200.0,19.0,26.0,,,,,Less Selective,Required,Need-blind,3.0758351611236847,1,University of Southern Indiana,Evansville,IN,10136.0,22573.0,12621.0,Less selective,94.65,,,5344.0
1000809,,1000.0,700.0,,,,,,900.0,1200.0,19.0,26.0,,,,,Less Selective,Required,Need-blind,3.2767938115038278,1,Indiana State University,Terre Haute,IN,9992.0,21734.0,12188.0,Less selective,91.5,,,6620.0
1000810,,1000.0,700.0,,,,,,900.0,1200.0,19.0,26.0,,,,,Less Selective,Required,Need-blind,2.7422566741836913,1,Indiana University-Kokomo,Kokomo,IN,8179.0,22043.0,6276.0,Less selective,84.69,,,2308.0
1000811,,1000.0,700.0,,,,,,900.0,1200.0,19.0,26.0,,,,,Less Selective,Required,Need-blind,3.6086675493980245,1,Indiana University-South Bend,South Bend,IN,8179.0,22043.0,8364.0,Less selective,85.99,,,3807.0
1000812,,1000.0,700.0,,,,,,900.0,1200.0,19.0,26.0,,,,,Less Selective,Required,Need-blind,2.713249301098633,1,Indiana University-Bloomington,Bloomington,IN,11790.0,40482.0,15342.0,Less selective,80.37,,,36571.0
1000813,,1000.0,700.0,,,,,,900.0,1200.0,19.0,26.0,,,,,Less Selective,Required,Need-blind,3.5763154349730537,1,Indiana University-Northwest,Gary,IN,8179.0,22043.0,5970.0,Less selective,76.7,,,2582.0
1000814,,1000.0,700.0,,,,,,900.0,1200.0,19.0,26.0,,,,,Less Selective,Required,Need-blind,3.0850541798431497,1,Indiana University-Southeast,New Albany,IN,8179.0,22043.0,8257.0,Less selective,83.12,,,3088.0
1000815,,1000.0,700.0,,,,,,1100.0,1350.0,24.0,29.0,,,,,Moderately Selective,Required,Need-blind,3.5414456390384723,1,Indiana University-East,Richmond,IN,8179.0,22043.0,9082.0,Somewhat selective,71.24,,,2446.0
1000816,,1000.0,700.0,,,,,,900.0,1200.0,19.0,26.0,,,,,Less Selective,Required,Need-blind,2.9973574719960268,1,International Business College-Indianapolis,Indianapolis,IN,16480.0,16480.0,14989.0,Less selective,81.82,,,145.0
1000818,,1000.0,700.0,,,,,,900.0,1200.0,19.0,26.0,,,,,Less Selective,Required,Need-blind,3.2077812007291415,1,Manchester University,North Manchester,IN,37090.0,37090.0,19268.0,Less selective,91.3,,,895.0
1000819,,1000.0,700.0,,,,,,900.0,1200.0,19.0,26.0,,,,,Less Selective,Required,Need-blind,3.196469485087786,1,Marian University,Indianapolis,IN,39100.0,39100.0,23594.0,Less selective,95.34,,,2336.0
1000820,,1000.0,700.0,,,,,,900.0,1200.0,19.0,26.0,,,,,Less Selective,Required,Need-blind,3.7113346056140806,1,Indiana Wesleyan University-Marion,Marion,IN,31168.0,31168.0,23069.0,Less selective,82.21,,,1927.0
1000823,,1000.0,700.0,,,,,,1400.0,1520.0,32.0,35.0,,,,,Elite,Required,Need-blind,3.767384874221311,1,University of Notre Dame,Notre Dame,IN,62693.0,62693.0,27823.0,Very selective,12.38,,,8923.0
1000824,,1000.0,700.0,,,,,,1100.0,1350.0,24.0,29.0,,,,,Moderately Selective,Required,Need-blind,3.721055101138839,1,Oakland City University,Oakland City,IN,27150.0,27150.0,12820.0,Somewhat selective,68.21,,,470.0
1000827,,1000.0,700.0,,,,,,1100.0,1350.0,24.0,29.0,,,,,Moderately Selective,Required,Need-blind,3.316716512084991,1,Rose-Hulman Institute of Technology,Terre Haute,IN,56674.0,56674.0,40665.0,Somewhat selective,72.81,,,2224.0
1000828,,1000.0,700.0,,,,,,900.0,1200.0,19.0,26.0,,,,,Less Selective,Required,Need-blind,3.4706401663359676,1,University of Saint Francis-Fort Wayne,Fort Wayne,IN,35420.0,35420.0,20361.0,Less selective,97.56,,,1599.0
1000829,,1000.0,700.0,,,,,,900.0,1200.0,19.0,26.0,,,,,Less Selective,Required,Need-blind,3.47513624889399,1,Saint Mary-of-the-Woods College,Saint Mary of the Woods,IN,33490.0,33490.0,43465.0,Less selective,76.14,,,896.0
1000830,,1000.0,700.0,,,,,,900.0,1200.0,19.0,26.0,,,,,Less Selective,Required,Need-blind,3.505806804904599,1,Saint Mary's College,Notre Dame,IN,51430.0,51430.0,28552.0,Less selective,81.11,,,1399.0
1000831,,1000.0,700.0,,,,,,900.0,1200.0,19.0,26.0,,,,,Less Selective,Required,Need-blind,2.512960261646225,1,Saint Elizabeth School of Nursing,Lafayette,IN,20064.0,20064.0,27833.0,Less selective,100.0,,,131.0
1000832,,1000.0,700.0,,,,,,900.0,1200.0,19.0,26.0,,,,,Less Selective,Required,Need-blind,3.1621437090813385,1,Taylor University,Upland,IN,39104.0,39104.0,24327.0,Less selective,76.11,,,1890.0
1000833,,1000.0,700.0,,,,,,900.0,1200.0,19.0,26.0,,,,,Less Selective,Required,Need-blind,3.2820662377461116,1,Trine University,Angola,IN,35600.0,35600.0,25580.0,Less selective,84.69,,,2344.0
1000834,,1000.0,700.0,,,,,,900.0,1200.0,19.0,26.0,,,,,Less Selective,Required,Need-blind,3.571169885334071,1,Valparaiso University,Valparaiso,IN,46588.0,46588.0,21583.0,Less selective,92.22,,,2229.0
1000836,,1000.0,700.0,,,,,,1100.0,1350.0,24.0,29.0,,,,,Moderately Selective,Required,Need-blind,3.4170407434823478,1,Wabash College,Crawfordsville,IN,49125.0,49125.0,21906.0,Somewhat selective,62.78,,,845.0
1000839,,1000.0,700.0,,,,,,1100.0,1350.0,24.0,29.0,,,,,Moderately Selective,Required,Need-blind,3.3811965787160627,1,Buena Vista University,Storm Lake,IA,40190.0,40190.0,18321.0,Somewhat selective,71.76,,,1378.0
1000842,,1000.0,700.0,,,,,,900.0,1200.0,19.0,26.0,,,,,Less Selective,Required,Need-blind,3.1080696340991434,1,Central College,Pella,IA,20988.0,20988.0,22353.0,Less selective,78.97,,,1062.0
1000843,,1000.0,700.0,,,,,,1100.0,1350.0,24.0,29.0,,,,,Moderately Selective,Required,Need-blind,3.396515879427682,1,Clarke University,Dubuque,IA,39600.0,39600.0,20068.0,Somewhat selective,68.16,,,782.0
1000844,,1000.0,700.0,,,,,,1100.0,1350.0,24.0,29.0,,,,,Moderately Selective,Required,Need-blind,3.3633119205975386,1,Coe College,Cedar Rapids,IA,52576.0,52576.0,19155.0,Somewhat selective,70.67,,,1246.0
1000845,,1000.0,700.0,,,,,,900.0,1200.0,19.0,26.0,,,,,Less Selective,Required,Need-blind,3.207105981767678,1,Cornell College,Mount Vernon,IA,50634.0,50634.0,25079.0,Less selective,80.66,,,1074.0
1000847,,1000.0,700.0,,,,,,1100.0,1350.0,24.0,29.0,,,,,Moderately Selective,Required,Need-blind,3.452370812847238,1,Dordt University,Sioux Center,IA,35960.0,35960.0,25383.0,Somewhat selective,71.16,,,1547.0
1000848,,1000.0,700.0,,,,,,1100.0,1350.0,24.0,29.0,,,,,Moderately Selective,Required,Need-blind,3.6999593171918086,1,Drake University,Des Moines,IA,49944.0,49944.0,30042.0,Somewhat selective,64.13,,,2669.0
1000849,,1000.0,700.0,,,,,,900.0,1200.0,19.0,26.0,,,,,Less Selective,Required,Need-blind,3.353217492063934,1,University of Dubuque,Dubuque,IA,40065.0,40065.0,23250.0,Less selective,86.92,,,1473.0
1000851,,1000.0,700.0,,,,,,900.0,1200.0,19.0,26.0,,,,,Less Selective,Required,Need-blind,2.7636748764470176,1,Emmaus Bible College,Dubuque,IA,20000.0,20000.0,12904.0,Less selective,97.7,,,183.0
1000853,,1000.0,700.0,,,,,,1300.0,1480.0,29.0,33.0,,,,,Highly Selective,Required,Need-blind,3.5666853848849214,1,Faith Baptist Bible College and Theological Seminary,Ankeny,IA,19530.0,19530.0,17819.0,Selective,49.68,,,371.0
1000854,,1000.0,700.0,,,,,,900.0,1200.0,19.0,26.0,,,,,Less Selective,Required,Need-blind,3.2711764049101286,1,Graceland University-Lamoni,Lamoni,IA,33220.0,33220.0,15975.0,Less selective,83.22,,,901.0
1000855,,1000.0,700.0,,,,,,900.0,1200.0,19.0,26.0,,,,,Less Selective,Required,Need-blind,2.7978013935967754,1,Grand View University,Des Moines,IA,33450.0,33450.0,21616.0,Less selective,98.38,,,1472.0
1000856,,1000.0,700.0,,,,,,1400.0,1520.0,32.0,35.0,,,,,Elite,Required,Need-blind,3.9701915569691595,1,Grinnell College,Grinnell,IA,64862.0,64862.0,15608.0,Very selective,12.68,,,1705.0
1000861,,1000.0,700.0,,,,,,900.0,1200.0,19.0,26.0,,,,,Less Selective,Required,Need-blind,3.2023433231479816,1,Iowa State University,Ames,IA,10497.0,27683.0,18165.0,Less selective,89.13,,,25033.0
1000863,,1000.0,700.0,,,,,,900.0,1200.0,19.0,26.0,,,,,Less Selective,Required,Need-blind,3.607476490976159,1,University of Iowa,Iowa City,IA,10964.0,32927.0,21398.0,Less selective,84.67,,,21691.0
1000866,,1000.0,700.0,,,,,,900.0,1200.0,19.0,26.0,,,,,Less Selective,Required,Need-blind,3.611850261187427,1,Loras College,Dubuque,IA,38298.0,38298.0,21057.0,Less selective,91.83,,,1087.0
1000867,,1000.0,700.0,,,,,,1100.0,1350.0,24.0,29.0,,,,,Moderately Selective,Required,Need-blind,3.4785973721423327,1,Luther College,Decorah,IA,50320.0,50320.0,25635.0,Somewhat selective,73.27,,,1454.0
1000868,,1000.0,700.0,,,,,,900.0,1200.0,19.0,26.0,,,,,Less Selective,Required,Need-blind,2.8233100355923915,1,Maharishi International University,Fairfield,IA,16530.0,16530.0,18225.0,Less selective,96.9,,,774.0
1000870,,1000.0,700.0,,,,,,900.0,1200.0,19.0,26.0,,,,,Less Selective,Required,Need-blind,3.4903345360482207,1,Mercy College of Health Sciences,Des Moines,IA,17328.0,17328.0,23417.0,Less selective,98.78,,,905.0
1000871,,1000.0,700.0,,,,,,1100.0,1350.0,24.0,29.0,,,,,Moderately Selective,Required,Need-blind,3.349148884823775,1,Morningside University,Sioux City,IA,38190.0,38190.0,23169.0,Somewhat selective,70.57,,,1166.0
1000872,,1000.0,700.0,,,,,,900.0,1200.0,19.0,26.0,,,,,Less Selective,Required,Need-blind,3.404910419599253,1,Mount Mercy University,Cedar Rapids,IA,39070.0,39070.0,23435.0,Less selective,78.76,,,1135.0
1000875,,1000.0,700.0,,,,,,900.0,1200.0,19.0,26.0,,,,,Less Selective,Required,Need-blind,3.3915619257471477,1,University of Northern Iowa,Cedar Falls,IA,9728.0,21272.0,14609.0,Less selective,94.4,,,7599.0
1000876,,1000.0,700.0,,,,,,900.0,1200.0,19.0,26.0,,,,,Less Selective,Required,Need-blind,2.896406468511437,1,Northwestern College,Orange City,IA,35300.0,35300.0,23519.0,Less selective,87.01,,,1125.0
1000880,,1000.0,700.0,,,,,,1100.0,1350.0,24.0,29.0,,,,,Moderately Selective,Required,Need-blind,3.4678867740954664,1,Saint Ambrose University,Davenport,IA,35598.0,35598.0,22750.0,Somewhat selective,73.32,,,2101.0
1000881,,1000.0,700.0,,,,,,1300.0,1480.0,29.0,33.0,,,,,Highly Selective,Required,Need-blind,3.4004290924077547,1,St Luke's College,Sioux City,IA,20940.0,20940.0,13021.0,Selective,44.44,,,192.0
1000883,,1000.0,700.0,,,,,,900.0,1200.0,19.0,26.0,,,,,Less Selective,Required,Need-blind,3.1186486108701206,1,Simpson College,Indianola,IA,46212.0,46212.0,22231.0,Less selective,88.88,,,1130.0
1000887,,1000.0,700.0,,,,,,900.0,1200.0,19.0,26.0,,,,,Less Selective,Required,Need-blind,2.7738367501994943,1,Upper Iowa University,Fayette,IA,19000.0,19000.0,23172.0,Less selective,93.38,,,2021.0
1000888,,1000.0,700.0,,,,,,1100.0,1350.0,24.0,29.0,,,,,Moderately Selective,Required,Need-blind,3.2987669920109526,1,Waldorf University,Forest City,IA,25220.0,25220.0,21683.0,Somewhat selective,72.6,,,2103.0
1000889,,1000.0,700.0,,,,,,900.0,1200.0,19.0,26.0,,,,,Less Selective,Required,Need-blind,3.4924261107708965,1,Wartburg College,Waverly,IA,51040.0,51040.0,22604.0,Less selective,99.41,,,1446.0
1000892,,1000.0,700.0,,,,,,1100.0,1350.0,24.0,29.0,,,,,Moderately Selective,Required,Need-blind,3.305907834510358,1,William Penn University,Oskaloosa,IA,28750.0,28750.0,22115.0,Somewhat selective,57.01,,,1391.0
1000894,,1000.0,700.0,,,,,,900.0,1200.0,19.0,26.0,,,,,Less Selective,Required,Need-blind,3.4563515299165775,1,Baker University,Baldwin City,KS,33900.0,33900.0,22500.0,Less selective,92.1,,,1080.0
1000896,,1000.0,700.0,,,,,,900.0,1200.0,19.0,26.0,,,,,Less Selective,Required,Need-blind,3.0855050794025667,1,Benedictine College,Atchison,KS,34800.0,34800.0,27477.0,Less selective,76.45,,,2236.0
1000897,,1000.0,700.0,,,,,,900.0,1200.0,19.0,26.0,,,,,Less Selective,Required,Need-blind,3.3235823815316343,1,Bethany College,Lindsborg,KS,31946.0,31946.0,29203.0,Less selective,78.6,,,583.0
1000898,,1000.0,700.0,,,,,,900.0,1200.0,19.0,26.0,,,,,Less Selective,Required,Need-blind,3.609571805607247,1,Bethel College-North Newton,North Newton,KS,34002.0,34002.0,24392.0,Less selective,95.7,,,499.0
1000907,,1000.0,700.0,,,,,,900.0,1200.0,19.0,26.0,,,,,Less Selective,Required,Need-blind,2.8473851847400944,1,Emporia State University,Emporia,KS,7356.0,15669.0,15702.0,Less selective,97.74,,,2328.0
1000909,,1000.0,700.0,,,,,,900.0,1200.0,19.0,26.0,,,,,Less Selective,Required,Need-blind,3.5326706256006384,1,Fort Hays State University,Hays,KS,5633.0,16811.0,13493.0,Less selective,91.77,,,9792.0
1000910,,1000.0,700.0,,,,,,1100.0,1350.0,24.0,29.0,,,,,Moderately Selective,Required,Need-blind,3.487935144838545,1,Barclay College,Haviland,KS,26590.0,26590.0,28827.0,Somewhat selective,54.49,,,161.0
1000911,,1000.0,700.0,,,,,,1100.0,1350.0,24.0,29.0,,,,,Moderately Selective,Required,Need-blind,3.627723025936801,1,Friends University,Wichita,KS,32748.0,32748.0,25752.0,Somewhat selective,55.64,,,1015.0
1000914,,1000.0,700.0,,,,,,900.0,1200.0,19.0,26.0,,,,,Less Selective,Required,Need-blind,3.067054851607789,1,Haskell Indian Nations University,Lawrence,KS,600.0,600.0,3031.0,Less selective,88.32,,,878.0
1000920,,1000.0,700.0,,,,,,900.0,1200.0,19.0,26.0,,,,,Less Selective,Required,Need-blind,3.1149191779583854,1,Concorde Career College-Kansas City,Kansas City,MO,,,28094.0,Less selective,98.83,,,240.0
1000923,,1000.0,700.0,,,,,,900.0,1200.0,19.0,26.0,,,,,Less Selective,Required,Need-blind,3.0421279846188014,1,University of Kansas,Lawrence,KS,11700.0,29412.0,17365.0,Less selective,88.2,,,19857.0
1000924,,1000.0,700.0,,,,,,1300.0,1480.0,29.0,33.0,,,,,Highly Selective,Required,Need-blind,3.6824130390211915,1,Newman University,Wichita,KS,35500.0,35500.0,19045.0,Selective,47.61,,,857.0
1000925,,1000.0,700.0,,,,,,900.0,1200.0,19.0,26.0,,,,,Less Selective,Required,Need-blind,3.2216739178616103,1,Kansas State University,Manhattan,KS,10942.0,27816.0,17883.0,Less selective,79.36,,,14835.0
1000926,,1000.0,700.0,,,,,,900.0,1200.0,19.0,26.0,,,,,Less Selective,Required,Need-blind,3.5993741369585908,1,Kansas Wesleyan University,Salina,KS,33470.0,33470.0,23369.0,Less selective,84.98,,,894.0
1000929,,1000.0,700.0,,,,,,900.0,1200.0,19.0,26.0,,,,,Less Selective,Required,Need-blind,3.01734493029551,1,Manhattan Christian College,Manhattan,KS,18424.0,18424.0,23608.0,Less selective,100.0,,,132.0
1000930,,1000.0,700.0,,,,,,900.0,1200.0,19.0,26.0,,,,,Less Selective,Required,Need-blind,3.3843157899818297,1,McPherson College,McPherson,KS,35162.0,35162.0,24837.0,Less selective,83.79,,,786.0
1000931,,1000.0,700.0,,,,,,1100.0,1350.0,24.0,29.0,,,,,Moderately Selective,Required,Need-blind,3.637065380010724,1,MidAmerica Nazarene University,Olathe,KS,36120.0,36120.0,29520.0,Somewhat selective,73.46,,,977.0
1000935,,1000.0,700.0,,,,,,900.0,1200.0,19.0,26.0,,,,,Less Selective,Required,Need-blind,3.3468149101960663,1,Ottawa University-Ottawa,Ottawa,KS,35300.0,35300.0,28083.0,Less selective,80.03,,,935.0
1000936,,1000.0,700.0,,,,,,900.0,1200.0,19.0,26.0,,,,,Less Selective,Required,Need-blind,3.074771803176682,1,Pittsburg State University,Pittsburg,KS,8008.0,19692.0,18889.0,Less selective,88.17,,,4162.0
1000938,,1000.0,700.0,,,,,,900.0,1200.0,19.0,26.0,,,,,Less Selective,Required,Need-blind,3.7002236874464978,1,University of Saint Mary,Leavenworth,KS,33890.0,33890.0,23335.0,Less selective,89.84,,,889.0
1000941,,1000.0,700.0,,,,,,1100.0,1350.0,24.0,29.0,,,,,Moderately Selective,Required,Need-blind,3.4836420010339895,1,Southwestern College,Winfield,KS,38480.0,38480.0,27310.0,Somewhat selective,64.97,,,1026.0
1000942,,1000.0,700.0,,,,,,1100.0,1350.0,24.0,29.0,,,,,Moderately Selective,Required,Need-blind,3.572786192156858,1,Sterling College,Sterling,KS,32200.0,32200.0,22403.0,Somewhat selective,53.03,,,569.0
1000943,,1000.0,700.0,,,,,,1100.0,1350.0,24.0,29.0,,,,,Moderately Selective,Required,Need-blind,3.3295511556782906,1,Tabor College,Hillsboro,KS,35050.0,35050.0,19868.0,Somewhat selective,64.62,,,530.0
1000946,,1000.0,700.0,,,,,,900.0,1200.0,19.0,26.0,,,,,Less Selective,Required,Need-blind,3.191763405309234,1,Wichita State University,Wichita,KS,9322.0,19240.0,13776.0,Less selective,94.94,,,10493.0
1000948,,1000.0,700.0,,,,,,900.0,1200.0,19.0,26.0,,,,,Less Selective,Required,Need-blind,3.6081457744808128,1,Alice Lloyd College,Pippa Passes,KY,14080.0,14080.0,17839.0,Less selective,85.57,,,528.0
1000949,,1000.0,700.0,,,,,,1100.0,1350.0,24.0,29.0,,,,,Moderately Selective,Required,Need-blind,3.62580664207319,1,Asbury University,Wilmore,KY,33640.0,33640.0,20428.0,Somewhat selective,64.06,,,1369.0
1000951,,1000.0,700.0,,,,,,900.0,1200.0,19.0,26.0,,,,,Less Selective,Required,Need-blind,2.8067928259160997,1,Bellarmine University,Louisville,KY,47180.0,47180.0,23587.0,Less selective,93.59,,,2286.0
1000952,,1000.0,700.0,,,,,,1300.0,1480.0,29.0,33.0,,,,,Highly Selective,Required,Need-blind,3.703611704174076,1,Berea College,Berea,KY,49326.0,49326.0,4483.0,Selective,32.71,,,1472.0
1000955,,1000.0,700.0,,,,,,1300.0,1480.0,29.0,33.0,,,,,Highly Selective,Required,Need-blind,3.495840542536527,1,Brescia University,Owensboro,KY,30450.0,30450.0,14626.0,Selective,34.61,,,538.0
1000956,,1000.0,700.0,,,,,,900.0,1200.0,19.0,26.0,,,,,Less Selective,Required,Need-blind,3.2805204500754135,1,Campbellsville University,Campbellsville,KY,26990.0,26990.0,18246.0,Less selective,98.33,,,2641.0
1000958,,1000.0,700.0,,,,,,1100.0,1350.0,24.0,29.0,,,,,Moderately Selective,Required,Need-blind,3.5471228049214933,1,Centre College,Danville,KY,50550.0,50550.0,21497.0,Somewhat selective,54.34,,,1346.0
1000962,,1000.0,700.0,,,,,,1100.0,1350.0,24.0,29.0,,,,,Moderately Selective,Required,Need-blind,3.8110342931191123,1,University of the Cumberlands,Williamsburg,KY,9875.0,9875.0,11286.0,Somewhat selective,71.39,,,5468.0
1000963,,1000.0,700.0,,,,,,900.0,1200.0,19.0,26.0,,,,,Less Selective,Required,Need-blind,3.3404970085775525,1,Eastern Kentucky University,Richmond,KY,10130.0,20820.0,9962.0,Less selective,78.09,,,11674.0
1000965,,1000.0,700.0,,,,,,1100.0,1350.0,24.0,29.0,,,,,Moderately Selective,Required,Need-blind,3.6372622366315324,1,Georgetown College,Georgetown,KY,42010.0,42010.0,13485.0,Somewhat selective,73.88,,,1180.0
1000973,,1000.0,700.0,,,,,,900.0,1200.0,19.0,26.0,,,,,Less Selective,Required,Need-blind,2.887672801085046,1,Kentucky State University,Frankfort,KY,9214.0,13260.0,8900.0,Less selective,92.55,,,1317.0
1000974,,1000.0,700.0,,,,,,1100.0,1350.0,24.0,29.0,,,,,Moderately Selective,Required,Need-blind,3.738974430002717,1,Kentucky Wesleyan College,Owensboro,KY,33393.0,33393.0,36431.0,Somewhat selective,67.0,,,794.0
1000975,,1000.0,700.0,,,,,,900.0,1200.0,19.0,26.0,,,,,Less Selective,Required,Need-blind,3.1975769272449157,1,University of Kentucky,Lexington,KY,13212.0,33406.0,17218.0,Less selective,92.38,,,23189.0
1000976,,1000.0,700.0,,,,,,1100.0,1350.0,24.0,29.0,,,,,Moderately Selective,Required,Need-blind,3.5007149346903597,1,Kentucky Christian University,Grayson,KY,25000.0,25000.0,22139.0,Somewhat selective,62.38,,,438.0
1000978,,1000.0,700.0,,,,,,900.0,1200.0,19.0,26.0,,,,,Less Selective,Required,Need-blind,3.6457206906925665,1,University of Louisville,Louisville,KY,12828.0,29174.0,17634.0,Less selective,80.54,,,14187.0
1000981,,1000.0,700.0,,,,,,900.0,1200.0,19.0,26.0,,,,,Less Selective,Required,Need-blind,3.448576743904053,1,Midway University,Midway,KY,26080.0,26080.0,23863.0,Less selective,95.18,,,1250.0
1000982,,1000.0,700.0,,,,,,900.0,1200.0,19.0,26.0,,,,,Less Selective,Required,Need-blind,3.3213356595176227,1,Morehead State University,Morehead,KY,9838.0,14706.0,10089.0,Less selective,82.12,,,4689.0
1000983,,1000.0,700.0,,,,,,900.0,1200.0,19.0,26.0,,,,,Less Selective,Required,Need-blind,3.3222568592557558,1,Murray State University,Murray,KY,9708.0,19452.0,9121.0,Less selective,86.17,,,6646.0
1000985,,1000.0,700.0,,,,,,900.0,1200.0,19.0,26.0,,,,,Less Selective,Required,Need-blind,3.094873598741564,1,Northern Kentucky University,Highland Heights,KY,10896.0,21480.0,7168.0,Less selective,96.03,,,8065.0
1000991,,1000.0,700.0,,,,,,900.0,1200.0,19.0,26.0,,,,,Less Selective,Required,Need-blind,2.999646578291442,1,The Southern Baptist Theological Seminary,Louisville,KY,13086.0,13086.0,13086.0,Less selective,96.89,,,844.0
1000992,,1000.0,700.0,,,,,,900.0,1200.0,19.0,26.0,,,,,Less Selective,Required,Need-blind,3.0136389580230976,1,Spalding University,Louisville,KY,27850.0,27850.0,24264.0,Less selective,98.64,,,597.0
1000994,,1000.0,700.0,,,,,,900.0,1200.0,19.0,26.0,,,,,Less Selective,Required,Need-blind,3.3140410861605876,1,Thomas More University,Crestview Hills,KY,38400.0,38400.0,20701.0,Less selective,97.03,,,1305.0
1000995,,1000.0,700.0,,,,,,900.0,1200.0,19.0,26.0,,,,,Less Selective,Required,Need-blind,2.9703008200268957,1,Transylvania University,Lexington,KY,44980.0,44980.0,23560.0,Less selective,84.99,,,1014.0
1000996,,1000.0,700.0,,,,,,1100.0,1350.0,24.0,29.0,,,,,Moderately Selective,Required,Need-blind,3.651942366451628,1,Union College,Barbourville,KY,30946.0,30946.0,23906.0,Somewhat selective,55.04,,,736.0
1000997,,1000.0,700.0,,,,,,900.0,1200.0,19.0,26.0,,,,,Less Selective,Required,Need-blind,3.467883975985228,1,Western Kentucky University,Bowling Green,KY,11436.0,27000.0,10916.0,Less selective,97.05,,,12267.0
